country_code,country_name,year,env_patent_share_inventions,eps_index_lag1,eps_index_lag1_3_mean
AUS,Australia,1993,1.569483,0.16666667,0.16666667
AUS,Australia,1994,1.570727,0.16666667,0.16666667
AUS,Australia,1995,1.376177,0.16666667,0.16666667
AUS,Australia,1996,1.098099,0.16666667,0.16666667
AUS,Australia,1997,1.1262,0.16666667,0.16666667
AUS,Australia,1998,1.278662,0.16666667,0.16666667
AUS,Australia,1999,1.15159,0.5,0.27777778000000003
AUS,Australia,2000,1.182144,0.5,0.38888889
AUS,Australia,2001,1.153846,0.83333331,0.6111111033333333
AUS,Australia,2002,1.151452,0.8888889,0.7407407366666666
AUS,Australia,2003,1.138332,1.1388888,0.9537036699999999
AUS,Australia,2004,1.334058,1.1388888,1.0555554999999999
AUS,Australia,2005,1.062223,1.4722222,1.2499999333333334
AUS,Australia,2006,1.022835,1.8055556,1.4722222
AUS,Australia,2007,0.9699681,2.2222223,1.8333333666666667
AUS,Australia,2008,0.9654495,2.2222223,2.0833334
AUS,Australia,2009,0.9164881,2.3611112,2.2685186
AUS,Australia,2010,0.8050808,2.5277777,2.3703704
AUS,Australia,2011,0.7267223,2.8333333,2.574074066666667
AUS,Australia,2012,0.6337487,3.0,2.7870369999999998
AUS,Australia,2013,0.63257,3.4166667,3.0833333333333335
AUS,Australia,2014,0.6667764,3.5277777,3.3148148
AUS,Australia,2015,0.6725438,2.6944444,3.2129629333333334
AUS,Australia,2016,0.6752877,2.6944444,2.9722221666666666
AUS,Australia,2017,0.6232597,2.6944444,2.6944444
AUS,Australia,2018,0.5392765,2.75,2.7129629333333334
AUS,Australia,2019,0.6184876,2.8611112,2.7685185333333333
AUS,Australia,2020,0.655256,2.8611112,2.8240741333333332
AUS,Australia,2021,0.6052428,2.9166667,2.8796297
AUT,Austria,1993,1.360219,1.3888888,1.3888888
AUT,Austria,1994,1.325135,1.3888888,1.3888888
AUT,Austria,1995,1.371203,1.3888888,1.3888888
AUT,Austria,1996,1.454199,1.611111,1.4629628666666665
AUT,Austria,1997,1.572016,1.611111,1.5370369333333331
AUT,Austria,1998,1.23952,1.611111,1.611111
AUT,Austria,1999,1.253585,1.611111,1.611111
AUT,Austria,2000,1.224252,1.611111,1.611111
AUT,Austria,2001,1.114068,1.8888888,1.7037035999999999
AUT,Austria,2002,0.9819514,1.8888888,1.7962961999999998
AUT,Austria,2003,1.002438,1.8888888,1.8888888
AUT,Austria,2004,0.96679,2.1944444,1.9907406666666667
AUT,Austria,2005,0.938381,2.1944444,2.0925925333333333
AUT,Austria,2006,0.9925709,2.3055556,2.2314814666666667
AUT,Austria,2007,0.9418064,2.5277777,2.3425925666666667
AUT,Austria,2008,1.004082,2.25,2.3611111
AUT,Austria,2009,0.9144483,2.6666667,2.4814814666666667
AUT,Austria,2010,1.000171,2.9444444,2.6203703666666667
AUT,Austria,2011,0.964758,3.0833333,2.898148133333333
AUT,Austria,2012,0.9432524,3.0555556,3.0277777666666665
AUT,Austria,2013,0.7802981,2.9444444,3.0277777666666665
AUT,Austria,2014,0.8790154,3.2777777,3.0925925666666667
AUT,Austria,2015,0.8665578,3.1111112,3.1111111
AUT,Austria,2016,0.7772101,2.9444444,3.1111111
AUT,Austria,2017,0.8002395,2.9444444,3.0
AUT,Austria,2018,0.8008407,2.9444444,2.9444444
AUT,Austria,2019,0.9076207,3.0833333,2.9907407
AUT,Austria,2020,0.8130857,3.1388888,3.0555555
AUT,Austria,2021,0.600331,3.3055556,3.1759258999999997
BEL,Belgium,1993,0.5630631,0.94444442,0.9074074066666666
BEL,Belgium,1994,0.6316478,0.94444442,0.9259259133333333
BEL,Belgium,1995,0.5900981,1.1111112,1.0000000133333333
BEL,Belgium,1996,0.4991358,1.1111112,1.0555556066666667
BEL,Belgium,1997,0.60631,1.1111112,1.1111112
BEL,Belgium,1998,0.675505,1.1111112,1.1111112
BEL,Belgium,1999,0.5844847,1.2777778,1.1666667333333332
BEL,Belgium,2000,0.6377386,1.1111112,1.1666667333333332
BEL,Belgium,2001,0.6024118,1.5555556,1.3148148666666666
BEL,Belgium,2002,0.5697969,1.5555556,1.4074074666666665
BEL,Belgium,2003,0.5583269,1.6111112,1.5740741333333332
BEL,Belgium,2004,0.5584801,1.5555556,1.5740741333333332
BEL,Belgium,2005,0.5935472,2.4722223,1.8796297
BEL,Belgium,2006,0.5256407,2.5833333,2.203703733333333
BEL,Belgium,2007,0.5841626,2.6388888,2.5648148
BEL,Belgium,2008,0.5461512,2.3055556,2.5092592333333332
BEL,Belgium,2009,0.6133693,2.6388888,2.5277777333333336
BEL,Belgium,2010,0.5677313,2.6666667,2.5370370333333336
BEL,Belgium,2011,0.4549329,2.5555556,2.6203703666666667
BEL,Belgium,2012,0.4609799,2.9444444,2.7222222333333335
BEL,Belgium,2013,0.5057462,3.0555556,2.851851866666667
BEL,Belgium,2014,0.5565741,2.9444444,2.9814814666666667
BEL,Belgium,2015,0.5465852,2.9444444,2.9814814666666667
BEL,Belgium,2016,0.564115,2.8333333,2.9074073666666664
BEL,Belgium,2017,0.5253514,2.8888888,2.888888833333333
BEL,Belgium,2018,0.5747162,2.9444444,2.888888833333333
BEL,Belgium,2019,0.4828069,3.0,2.9444444
BEL,Belgium,2020,0.4943048,3.2222223,3.055555566666667
BEL,Belgium,2021,0.5078351,3.4444444,3.2222222333333335
BRA,Brazil,1993,0.05320281,0.16666667,0.16666667
BRA,Brazil,1994,0.1201456,0.16666667,0.16666667
BRA,Brazil,1995,0.1774108,0.16666667,0.16666667
BRA,Brazil,1996,0.04767865,0.22222222,0.18518518666666664
BRA,Brazil,1997,0.04938272,0.22222222,0.20370370333333332
BRA,Brazil,1998,0.1016414,0.22222222,0.22222222
BRA,Brazil,1999,0.1216545,0.22222222,0.22222222
BRA,Brazil,2000,0.0777664,0.22222222,0.22222222
BRA,Brazil,2001,0.1048218,0.22222222,0.22222222
BRA,Brazil,2002,0.07803644,0.27777779,0.24074074333333337
BRA,Brazil,2003,0.1520382,0.83333331,0.44444444
BRA,Brazil,2004,0.1796099,0.75,0.6203703666666667
BRA,Brazil,2005,0.1813666,0.55555558,0.7129629633333333
BRA,Brazil,2006,0.3183882,0.55555558,0.6203703866666667
BRA,Brazil,2007,0.336582,0.55555558,0.55555558
BRA,Brazil,2008,0.2526675,0.22222222,0.44444446
BRA,Brazil,2009,0.2035302,0.22222222,0.33333334000000003
BRA,Brazil,2010,0.2253265,0.22222222,0.22222222
BRA,Brazil,2011,0.2312253,0.22222222,0.22222222
BRA,Brazil,2012,0.2107697,0.16666667,0.20370370333333332
BRA,Brazil,2013,0.2240793,0.25,0.21296296333333334
BRA,Brazil,2014,0.220757,0.58333331,0.33333332666666665
BRA,Brazil,2015,0.2637097,0.58333331,0.47222220666666664
BRA,Brazil,2016,0.2428159,0.6388889,0.60185184
BRA,Brazil,2017,0.2207368,0.8888889,0.7037037033333333
BRA,Brazil,2018,0.2271725,0.8888889,0.8055555666666666
BRA,Brazil,2019,0.2444426,0.8888889,0.8888889
BRA,Brazil,2020,0.2774222,0.8888889,0.8888889
BRA,Brazil,2021,0.2022635,0.8888889,0.8888889
CAN,Canada,1993,1.663297,0.66666669,0.66666669
CAN,Canada,1994,2.047776,0.72222221,0.6851851966666667
CAN,Canada,1995,2.156287,0.72222221,0.7037037033333333
CAN,Canada,1996,1.852762,0.72222221,0.72222221
CAN,Canada,1997,2.214952,0.5,0.64814814
CAN,Canada,1998,1.960732,0.83333331,0.6851851733333333
CAN,Canada,1999,2.307308,0.83333331,0.7222222066666667
CAN,Canada,2000,2.092295,0.83333331,0.83333331
CAN,Canada,2001,2.115033,0.72222221,0.7962962766666667
CAN,Canada,2002,2.408804,0.72222221,0.7592592433333333
CAN,Canada,2003,2.548442,0.72222221,0.72222221
CAN,Canada,2004,2.29164,1.8888888,1.1111110733333334
CAN,Canada,2005,2.279808,1.8888888,1.4999999366666668
CAN,Canada,2006,2.244402,2.0555556,1.9444444
CAN,Canada,2007,2.134234,2.4722223,2.1388889
CAN,Canada,2008,1.922557,2.8611112,2.462963033333333
CAN,Canada,2009,1.890474,2.9444444,2.7592593
CAN,Canada,2010,1.959972,3.1944444,3.0
CAN,Canada,2011,1.931381,3.6111112,3.25
CAN,Canada,2012,1.825111,3.6111112,3.4722222666666664
CAN,Canada,2013,1.778726,3.4444444,3.5555556
CAN,Canada,2014,1.769474,3.4444444,3.5
CAN,Canada,2015,1.765089,3.1944444,3.3611110666666666
CAN,Canada,2016,1.710517,2.5277777,3.0555555
CAN,Canada,2017,1.778581,2.3611112,2.694444433333333
CAN,Canada,2018,1.663917,2.5833333,2.490740733333333
CAN,Canada,2019,1.803488,2.6944444,2.5462963
CAN,Canada,2020,1.595525,2.6388888,2.638888833333333
CAN,Canada,2021,1.406397,3.0277777,2.787036966666667
CHE,Switzerland,1993,2.115698,1.6666666,1.6388888666666668
CHE,Switzerland,1994,2.160854,1.6666666,1.6944444
CHE,Switzerland,1995,1.817217,2.3333333,1.8888888333333334
CHE,Switzerland,1996,1.721646,2.3333333,2.1111110666666666
CHE,Switzerland,1997,1.40192,2.3333333,2.3333333
CHE,Switzerland,1998,1.344529,2.3333333,2.3333333
CHE,Switzerland,1999,1.176899,2.1666667,2.2777777666666665
CHE,Switzerland,2000,0.9609434,2.1666667,2.2222222333333335
CHE,Switzerland,2001,1.013009,2.25,2.194444466666667
CHE,Switzerland,2002,1.002317,2.25,2.2222222333333335
CHE,Switzerland,2003,0.786194,2.25,2.25
CHE,Switzerland,2004,0.7830469,2.25,2.25
CHE,Switzerland,2005,0.8828031,2.25,2.25
CHE,Switzerland,2006,0.7860187,2.2777777,2.2592592333333332
CHE,Switzerland,2007,0.8126016,2.2777777,2.268518466666667
CHE,Switzerland,2008,0.8038771,2.5277777,2.3611110333333336
CHE,Switzerland,2009,0.9433461,3.1666667,2.6574073666666664
CHE,Switzerland,2010,0.9102609,3.3611112,3.0185185333333333
CHE,Switzerland,2011,0.8720384,3.3333333,3.2870370666666666
CHE,Switzerland,2012,0.8146322,3.5555556,3.4166667
CHE,Switzerland,2013,0.7442249,3.6388888,3.5092592333333332
CHE,Switzerland,2014,0.7592542,3.6388888,3.6111110666666666
CHE,Switzerland,2015,0.6771605,4.0555553,3.7777776333333333
CHE,Switzerland,2016,0.6852539,4.0277777,3.9074072666666666
CHE,Switzerland,2017,0.6575415,4.1388888,4.074073933333334
CHE,Switzerland,2018,0.7060626,4.1388888,4.101851766666667
CHE,Switzerland,2019,0.7714143,4.4166665,4.231481366666666
CHE,Switzerland,2020,0.6582596,4.2222223,4.2592592
CHE,Switzerland,2021,0.5670665,4.5,4.3796296
CHL,Chile,1993,0.01064056,0.0,0.0
CHL,Chile,1994,0.01060108,0.0,0.0
CHL,Chile,1995,0.01575143,0.0,0.0
CHL,Chile,1996,0.02979915,0.0,0.0
CHL,Chile,1997,0.006858711,0.0,0.0
CHL,Chile,1998,0.02272727,0.0,0.0
CHL,Chile,1999,0.01303441,0.0,0.0
CHL,Chile,2000,0.01991578,0.0,0.0
CHL,Chile,2001,0.03198409,0.11111111,0.03703703666666667
CHL,Chile,2002,0.03531258,0.11111111,0.07407407333333334
CHL,Chile,2003,0.03026928,0.16666667,0.12962963
CHL,Chile,2004,0.03915597,0.19444445,0.15740741
CHL,Chile,2005,0.04094509,0.19444445,0.18518519
CHL,Chile,2006,0.07398611,0.44444445,0.2777777833333333
CHL,Chile,2007,0.04341147,0.52777779,0.38888889666666665
CHL,Chile,2008,0.04354889,0.52777779,0.50000001
CHL,Chile,2009,0.05184078,0.52777779,0.52777779
CHL,Chile,2010,0.05167576,0.52777779,0.52777779
CHL,Chile,2011,0.1020432,0.58333331,0.5462962966666667
CHL,Chile,2012,0.0603837,0.58333331,0.5648148033333333
CHL,Chile,2013,0.06656201,1.9166666,1.02777774
CHL,Chile,2014,0.07090865,1.9166666,1.4722221700000002
CHL,Chile,2015,0.08641507,1.9166666,1.9166666
CHL,Chile,2016,0.05915644,1.9722222,1.9351851333333334
CHL,Chile,2017,0.04807348,1.9722222,1.9537036666666667
CHL,Chile,2018,0.07198159,2.0277777,1.9907407
CHL,Chile,2019,0.07812119,2.0277777,2.0092592000000002
CHL,Chile,2020,0.05064903,2.0277777,2.0277777
CHL,Chile,2021,0.04739795,2.0277777,2.0277777
CHN,China (People’s Republic of),1993,0.2734624,0.055555556,0.018518518666666667
CHN,China (People’s Republic of),1994,0.2879961,0.055555556,0.037037037333333335
CHN,China (People’s Republic of),1995,0.3249768,0.055555556,0.055555556
CHN,China (People’s Republic of),1996,0.4201681,0.055555556,0.055555556
CHN,China (People’s Republic of),1997,0.4604938,0.055555556,0.055555556
CHN,China (People’s Republic of),1998,0.5036196,0.22222222,0.11111111066666667
CHN,China (People’s Republic of),1999,0.5181178,0.22222222,0.16666666533333332
CHN,China (People’s Republic of),2000,0.5609612,0.22222222,0.22222222
CHN,China (People’s Republic of),2001,0.8222304,0.22222222,0.22222222
CHN,China (People’s Republic of),2002,1.101665,0.22222222,0.22222222
CHN,China (People’s Republic of),2003,1.267008,0.30555555,0.2499999966666667
CHN,China (People’s Republic of),2004,1.70891,0.3611111,0.29629629
CHN,China (People’s Republic of),2005,2.356871,0.69444442,0.45370369
CHN,China (People’s Republic of),2006,2.617077,0.69444442,0.5833333133333333
CHN,China (People’s Republic of),2007,2.814546,0.69444442,0.69444442
CHN,China (People’s Republic of),2008,3.424677,0.69444442,0.69444442
CHN,China (People’s Republic of),2009,3.919571,0.80555558,0.7314814733333334
CHN,China (People’s Republic of),2010,4.744965,0.97222221,0.82407407
CHN,China (People’s Republic of),2011,4.928482,1.3055556,1.0277777966666666
CHN,China (People’s Republic of),2012,5.392156,1.4722222,1.2500000033333334
CHN,China (People’s Republic of),2013,5.722347,2.4722223,1.7500000333333332
CHN,China (People’s Republic of),2014,6.199893,2.5277777,2.1574074
CHN,China (People’s Republic of),2015,7.472712,2.75,2.5833333333333335
CHN,China (People’s Republic of),2016,10.10092,2.8888888,2.7222221666666666
CHN,China (People’s Republic of),2017,12.36607,2.7777777,2.8055555
CHN,China (People’s Republic of),2018,14.12646,2.8333333,2.833333266666667
CHN,China (People’s Republic of),2019,17.21756,2.8611112,2.8240740666666664
CHN,China (People’s Republic of),2020,21.22932,2.9444444,2.8796296333333333
CHN,China (People’s Republic of),2021,27.46088,3.1388888,2.9814814666666667
CZE,Czechia,1993,0.1276867,1.0555556,0.8518518666666667
CZE,Czechia,1994,0.1537157,1.0555556,1.0000000333333332
CZE,Czechia,1995,0.1027988,0.8888889,1.0000000333333332
CZE,Czechia,1996,0.104297,0.80555552,0.9166666733333333
CZE,Czechia,1997,0.09739369,0.80555552,0.8333333133333333
CZE,Czechia,1998,0.1729798,1.3333334,0.9814814799999999
CZE,Czechia,1999,0.1379475,1.3333334,1.1574074399999998
CZE,Czechia,2000,0.07207617,1.3333334,1.3333334
CZE,Czechia,2001,0.0904872,1.4166666,1.3611111333333332
CZE,Czechia,2002,0.09011871,1.4166666,1.3888888666666668
CZE,Czechia,2003,0.1146197,2.1666667,1.6666666333333335
CZE,Czechia,2004,0.1324777,2.4166667,2.0
CZE,Czechia,2005,0.1002819,2.4166667,2.3333333666666665
CZE,Czechia,2006,0.1207526,2.4166667,2.4166667
CZE,Czechia,2007,0.1876711,2.7222223,2.5185185666666663
CZE,Czechia,2008,0.1478525,2.6388888,2.5925926
CZE,Czechia,2009,0.1274459,3.0833333,2.8148148
CZE,Czechia,2010,0.114478,3.1944444,2.9722221666666666
CZE,Czechia,2011,0.1209662,3.1111112,3.1296296333333333
CZE,Czechia,2012,0.104716,3.1111112,3.1388889333333334
CZE,Czechia,2013,0.1286994,3.25,3.1574074666666667
CZE,Czechia,2014,0.1337862,3.0,3.1203704
CZE,Czechia,2015,0.1035797,2.5,2.9166666666666665
CZE,Czechia,2016,0.1490215,2.5555556,2.6851852
CZE,Czechia,2017,0.1423935,2.7222223,2.5925926333333336
CZE,Czechia,2018,0.1424133,2.7222223,2.666666733333333
CZE,Czechia,2019,0.1254647,2.8888888,2.7777778000000004
CZE,Czechia,2020,0.1647629,3.1111112,2.9074074333333333
CZE,Czechia,2021,0.1125298,2.9444444,2.9814814666666667
DEU,Germany,1993,17.84866,1.6111112,1.5833333333333333
DEU,Germany,1994,18.16584,1.6111112,1.6388889333333332
DEU,Germany,1995,16.43869,1.6666666,1.6296296666666665
DEU,Germany,1996,16.69572,1.5,1.5925926
DEU,Germany,1997,17.85556,1.6944444,1.6203703333333335
DEU,Germany,1998,18.00135,1.4444444,1.5462962666666666
DEU,Germany,1999,17.90993,1.5833334,1.5740740666666666
DEU,Germany,2000,17.15248,1.5,1.5092592666666667
DEU,Germany,2001,16.46433,1.7777778,1.6203703999999999
DEU,Germany,2002,15.36277,1.7777778,1.6851852
DEU,Germany,2003,13.94898,2.4166667,1.9907407666666666
DEU,Germany,2004,13.20974,2.6666667,2.2870370666666666
DEU,Germany,2005,12.96691,2.7777777,2.6203703666666667
DEU,Germany,2006,13.58964,2.8888888,2.7777777333333336
DEU,Germany,2007,13.3251,2.9444444,2.8703703
DEU,Germany,2008,13.98602,2.7777777,2.8703703
DEU,Germany,2009,13.47375,3.0277777,2.9166666000000006
DEU,Germany,2010,12.84875,3.1388888,2.9814814
DEU,Germany,2011,12.27915,3.0833333,3.0833332666666666
DEU,Germany,2012,11.44645,3.1666667,3.1296296
DEU,Germany,2013,10.54093,3.0555556,3.101851866666667
DEU,Germany,2014,10.79015,3.2222223,3.1481482
DEU,Germany,2015,10.32969,3.1111112,3.1296297
DEU,Germany,2016,10.00981,3.0277777,3.1203704
DEU,Germany,2017,10.22192,3.0833333,3.074074066666667
DEU,Germany,2018,10.37376,3.0277777,3.0462962333333334
DEU,Germany,2019,9.738097,3.25,3.1203703333333332
DEU,Germany,2020,8.935518,3.3055556,3.194444433333333
DEU,Germany,2021,6.09054,3.4722223,3.3425926333333336
DNK,Denmark,1993,0.5533092,1.2777778,0.8796296266666667
DNK,Denmark,1994,0.6731687,1.1666666,1.1296296066666667
DNK,Denmark,1995,0.6317151,1.1666666,1.2037036666666667
DNK,Denmark,1996,0.530425,1.1666666,1.1666666
DNK,Denmark,1997,0.6515775,1.5,1.2777777333333333
DNK,Denmark,1998,0.7866161,1.5,1.3888888666666668
DNK,Denmark,1999,0.6182656,1.4444444,1.4814814666666667
DNK,Denmark,2000,0.6135958,1.5555556,1.5
DNK,Denmark,2001,0.626691,2.0,1.6666666666666667
DNK,Denmark,2002,0.6070276,2.0,1.8518518666666666
DNK,Denmark,2003,0.6212062,1.888889,1.962963
DNK,Denmark,2004,0.5534044,2.6388888,2.175925933333333
DNK,Denmark,2005,0.7264062,2.8055556,2.4444444666666665
DNK,Denmark,2006,0.7078919,3.0277777,2.8240740333333334
DNK,Denmark,2007,1.052227,3.1388888,2.9907407
DNK,Denmark,2008,1.301604,3.1388888,3.1018517666666665
DNK,Denmark,2009,1.108252,3.1944444,3.1574073333333335
DNK,Denmark,2010,1.200936,3.4166667,3.249999966666667
DNK,Denmark,2011,1.206221,4.0833335,3.564814866666667
DNK,Denmark,2012,0.9766873,4.2222223,3.9074075
DNK,Denmark,2013,0.8140573,3.8888888,4.064814866666667
DNK,Denmark,2014,0.9049276,4.0555553,4.055555466666667
DNK,Denmark,2015,0.8247764,4.1111112,4.018518433333333
DNK,Denmark,2016,0.9792839,4.0277777,4.064814733333333
DNK,Denmark,2017,0.8523908,3.9444444,4.0277777666666665
DNK,Denmark,2018,0.9532223,4.0277777,3.999999933333333
DNK,Denmark,2019,0.9602977,3.7777777,3.9166665999999997
DNK,Denmark,2020,0.9505016,3.6666667,3.8240740333333334
DNK,Denmark,2021,0.8738312,3.7222223,3.7222222333333335
ESP,Spain,1993,0.4309427,1.1111112,0.9814815366666667
ESP,Spain,1994,0.3475388,1.1111112,1.1111112
ESP,Spain,1995,0.4344077,1.2777778,1.1666667333333332
ESP,Spain,1996,0.4864712,1.1111112,1.1666667333333332
ESP,Spain,1997,0.4419753,1.1111112,1.1666667333333334
ESP,Spain,1998,0.5039983,1.1111112,1.1111112
ESP,Spain,1999,0.4683698,1.1111112,1.1111112
ESP,Spain,2000,0.4376731,1.1944444,1.1388889333333332
ESP,Spain,2001,0.4851368,1.4722222,1.2592592666666667
ESP,Spain,2002,0.3626297,1.4722222,1.3796296000000001
ESP,Spain,2003,0.4704249,1.4722222,1.4722222
ESP,Spain,2004,0.527518,1.4722222,1.4722222
ESP,Spain,2005,0.7544637,2.2222223,1.7222222333333335
ESP,Spain,2006,0.8274005,2.3611112,2.0185185666666667
ESP,Spain,2007,0.8876534,2.3888888,2.3240741000000003
ESP,Spain,2008,0.8389707,2.4722223,2.4074074333333333
ESP,Spain,2009,0.9902246,2.5555556,2.4722222333333335
ESP,Spain,2010,0.7937123,2.6666667,2.564814866666667
ESP,Spain,2011,0.8465286,2.6111112,2.611111166666667
ESP,Spain,2012,0.8774337,2.8333333,2.703703733333333
ESP,Spain,2013,0.7956153,2.8055556,2.750000033333333
ESP,Spain,2014,0.7148454,2.2222223,2.6203704
ESP,Spain,2015,0.722651,2.3888888,2.4722222333333335
ESP,Spain,2016,0.6226937,2.3888888,2.3333333
ESP,Spain,2017,0.6974322,2.2777777,2.3518517666666665
ESP,Spain,2018,0.6582757,2.2777777,2.3148147333333333
ESP,Spain,2019,0.5914192,2.4444444,2.3333332666666666
ESP,Spain,2020,0.5858323,2.4444444,2.388888833333333
ESP,Spain,2021,0.6234819,2.5,2.4629629333333334
EST,Estonia,1993,0.01064056,0.083333336,0.083333336
EST,Estonia,1994,0.01060108,0.083333336,0.083333336
EST,Estonia,1997,0.004115226,0.19444445,0.12037037399999999
EST,Estonia,1998,0.01477273,0.19444445,0.157407412
EST,Estonia,2000,0.009483707,0.3611111,0.25
EST,Estonia,2001,0.0008959128,1.5,0.6851851833333334
EST,Estonia,2002,0.005231494,2.0,1.2870370333333334
EST,Estonia,2003,0.009686168,2.0,1.8333333333333333
EST,Estonia,2004,0.01740265,2.1666667,2.055555566666667
EST,Estonia,2005,0.004027386,2.9166667,2.3611111333333334
EST,Estonia,2006,0.003653635,3.1944444,2.759259266666667
EST,Estonia,2007,0.01335738,3.3055556,3.1388889
EST,Estonia,2008,0.01923632,3.1388888,3.2129629333333334
EST,Estonia,2009,0.02012304,3.4722223,3.305555566666667
EST,Estonia,2010,0.03977576,3.5,3.3703703666666667
EST,Estonia,2011,0.03702487,3.5555556,3.5092593
EST,Estonia,2012,0.02273943,3.0555556,3.3703704
EST,Estonia,2013,0.008464534,2.5277777,3.0462963
EST,Estonia,2014,0.03055732,3.6111112,3.064814833333333
EST,Estonia,2015,0.02395721,3.7222223,3.2870370666666666
EST,Estonia,2016,0.02788265,3.7222223,3.6851852666666667
EST,Estonia,2017,0.02041869,3.7222223,3.7222223
EST,Estonia,2018,0.01618725,3.7777777,3.7407407666666668
EST,Estonia,2019,0.0101139,3.3333333,3.6111111
EST,Estonia,2020,0.01389859,3.1666667,3.4259258999999997
EST,Estonia,2021,0.01386471,3.2777777,3.2592592333333332
FIN,Finland,1993,1.115486,1.8888888,1.7314814666666667
FIN,Finland,1994,0.9973851,1.8888888,1.8333332666666664
FIN,Finland,1995,0.7602136,1.8333334,1.8703703333333335
FIN,Finland,1996,0.7948924,2.0,1.9074074
FIN,Finland,1997,0.6803841,1.8333334,1.8888889333333332
FIN,Finland,1998,0.7316919,2.2222223,2.0185185666666663
FIN,Finland,1999,0.7826077,2.0555556,2.0370371
FIN,Finland,2000,0.6263989,2.0555556,2.111111166666667
FIN,Finland,2001,0.771381,2.0833333,2.064814833333333
FIN,Finland,2002,0.7485396,2.0833333,2.074074066666667
FIN,Finland,2003,0.7002292,2.5833333,2.249999966666667
FIN,Finland,2004,0.6144587,2.4166667,2.3611111
FIN,Finland,2005,0.6510941,2.6388888,2.546296266666667
FIN,Finland,2006,0.5870174,2.75,2.6018518333333334
FIN,Finland,2007,0.6373695,2.9722223,2.7870370333333336
FIN,Finland,2008,0.7192246,2.9722223,2.8981482
FIN,Finland,2009,0.6034516,3.1944444,3.0462963333333337
FIN,Finland,2010,0.667358,3.1666667,3.1111111333333334
FIN,Finland,2011,0.7260706,3.1111112,3.1574074333333333
FIN,Finland,2012,0.7384829,3.75,3.3425926333333336
FIN,Finland,2013,0.6277221,3.6388888,3.5
FIN,Finland,2014,0.6145155,3.6388888,3.6759258666666668
FIN,Finland,2015,0.5113484,3.6944444,3.6574073333333335
FIN,Finland,2016,0.5079648,3.8611112,3.7314814666666667
FIN,Finland,2017,0.5177034,3.8333333,3.7962963
FIN,Finland,2018,0.5081074,3.8333333,3.8425925999999997
FIN,Finland,2019,0.5154952,3.9166667,3.8611111
FIN,Finland,2020,0.4200928,3.8055556,3.851851866666667
FIN,Finland,2021,0.4526021,4.1111112,3.9444445
FRA,France,1993,4.495283,1.3333334,1.3703703999999999
FRA,France,1994,4.496979,1.3333334,1.3333334
FRA,France,1995,4.090396,1.3888888,1.3518518666666666
FRA,France,1996,4.488795,1.3888888,1.370370333333333
FRA,France,1997,4.44513,1.4722222,1.4166666
FRA,France,1998,4.156019,1.4722222,1.4444444
FRA,France,1999,4.163951,1.4722222,1.4722222
FRA,France,2000,3.692915,1.6388888,1.5277777333333333
FRA,France,2001,3.369618,1.75,1.6203703333333335
FRA,France,2002,3.447903,1.6666666,1.6851851333333334
FRA,France,2003,4.203555,2.0,1.8055555333333333
FRA,France,2004,3.837503,2.0833333,1.9166666333333333
FRA,France,2005,3.620524,2.8333333,2.3055555333333335
FRA,France,2006,3.803565,2.8611112,2.5925925999999997
FRA,France,2007,4.115853,3.0833333,2.925925933333333
FRA,France,2008,4.111313,3.25,3.064814833333333
FRA,France,2009,4.211981,3.4166667,3.25
FRA,France,2010,3.883665,3.6944444,3.4537037
FRA,France,2011,4.043022,3.6111112,3.5740741000000003
FRA,France,2012,4.169888,3.9444444,3.75
FRA,France,2013,4.059535,3.9166667,3.8240741000000003
FRA,France,2014,4.039648,3.9166667,3.925925933333333
FRA,France,2015,3.967303,4.2222223,4.018518566666667
FRA,France,2016,3.30987,4.0277777,4.0555555666666665
FRA,France,2017,3.399569,3.9166667,4.0555555666666665
FRA,France,2018,3.689645,4.1666665,4.037036966666666
FRA,France,2019,3.954056,4.5555553,4.212962833333333
FRA,France,2020,3.529052,4.7222223,4.481481366666666
FRA,France,2021,2.559317,4.8888888,4.722222133333333
GBR,United Kingdom,1993,3.862701,1.1111112,1.1111112
GBR,United Kingdom,1994,3.929821,0.94444442,1.0555556066666665
GBR,United Kingdom,1995,3.887949,1.0,1.0185185399999999
GBR,United Kingdom,1996,3.62164,1.0,0.9814814733333334
GBR,United Kingdom,1997,3.210562,1.0,1.0
GBR,United Kingdom,1998,3.558544,1.0,1.0
GBR,United Kingdom,1999,3.719804,1.0,1.0
GBR,United Kingdom,2000,3.363356,1.0,1.0
GBR,United Kingdom,2001,3.301938,1.3333334,1.1111111333333332
GBR,United Kingdom,2002,3.121246,1.3333334,1.2222222666666667
GBR,United Kingdom,2003,3.158187,1.3333334,1.3333334
GBR,United Kingdom,2004,2.993837,2.1388888,1.6018518666666666
GBR,United Kingdom,2005,2.802434,2.1388888,1.8703703333333335
GBR,United Kingdom,2006,2.995133,2.3055556,2.1944444
GBR,United Kingdom,2007,2.990303,2.4166667,2.2870370333333336
GBR,United Kingdom,2008,3.09139,2.25,2.3240741000000003
GBR,United Kingdom,2009,3.020571,2.4722223,2.3796296666666668
GBR,United Kingdom,2010,2.889065,2.6666667,2.462963
GBR,United Kingdom,2011,2.992245,3.3611112,2.8333334000000003
GBR,United Kingdom,2012,2.830283,3.3333333,3.1203704
GBR,United Kingdom,2013,2.926574,2.8888888,3.194444433333333
GBR,United Kingdom,2014,2.980794,3.2222223,3.148148133333333
GBR,United Kingdom,2015,2.978953,3.75,3.2870370333333336
GBR,United Kingdom,2016,2.62274,3.8611112,3.611111166666667
GBR,United Kingdom,2017,2.432212,3.3611112,3.6574074666666667
GBR,United Kingdom,2018,2.45723,3.4722223,3.5648149
GBR,United Kingdom,2019,2.473412,3.5277777,3.453703733333333
GBR,United Kingdom,2020,2.348473,3.5277777,3.5092592333333332
GBR,United Kingdom,2021,1.863642,3.6111112,3.555555533333333
GRC,Greece,1993,0.08778463,0.52777779,0.45370371000000004
GRC,Greece,1994,0.09275946,0.94444442,0.64814815
GRC,Greece,1995,0.1318146,1.1666666,0.8796296033333334
GRC,Greece,1996,0.04022886,1.1666666,1.09259254
GRC,Greece,1997,0.09327846,1.1111112,1.1481481333333334
GRC,Greece,1998,0.07281145,1.1111112,1.1296296666666668
GRC,Greece,1999,0.03747393,1.1944444,1.1388889333333332
GRC,Greece,2000,0.05216039,1.1111112,1.1388889333333332
GRC,Greece,2001,0.06348182,1.3888888,1.2314814666666667
GRC,Greece,2002,0.05275089,1.3888888,1.2962962666666666
GRC,Greece,2003,0.07224267,1.3888888,1.3888888
GRC,Greece,2004,0.03444275,1.4722222,1.4166666
GRC,Greece,2005,0.1229471,1.4166666,1.4259258666666668
GRC,Greece,2006,0.1411217,1.7777778,1.5555555333333333
GRC,Greece,2007,0.1174336,1.8888888,1.6944444
GRC,Greece,2008,0.04798393,1.9722222,1.8796296000000001
GRC,Greece,2009,0.08413346,2.25,2.037037
GRC,Greece,2010,0.07366498,2.4444444,2.2222222
GRC,Greece,2011,0.08490568,2.6111112,2.4351852
GRC,Greece,2012,0.05262554,2.75,2.601851866666667
GRC,Greece,2013,0.07442193,2.6388888,2.6666666666666665
GRC,Greece,2014,0.05179074,2.5833333,2.6574073666666664
GRC,Greece,2015,0.04052997,2.8888888,2.7037036333333333
GRC,Greece,2016,0.05693157,3.0555556,2.8425925666666667
GRC,Greece,2017,0.04483753,2.8888888,2.9444444
GRC,Greece,2018,0.04960071,2.8611112,2.9351852
GRC,Greece,2019,0.03744635,2.8611112,2.8703704
GRC,Greece,2020,0.0558206,2.8333333,2.8518518999999998
GRC,Greece,2021,0.04058382,2.8888888,2.8611111
HUN,Hungary,1993,0.1276867,0.3611111,0.26851851666666665
HUN,Hungary,1994,0.07420757,0.3611111,0.34259258333333337
HUN,Hungary,1995,0.1333068,0.3611111,0.3611111
HUN,Hungary,1996,0.07151797,0.52777779,0.41666666333333335
HUN,Hungary,1997,0.1824417,0.52777779,0.4722222266666667
HUN,Hungary,1998,0.08333334,0.52777779,0.52777779
HUN,Hungary,1999,0.04779284,0.58333331,0.5462962966666667
HUN,Hungary,2000,0.08725011,0.52777779,0.5462962966666667
HUN,Hungary,2001,0.1308033,1.2222222,0.7777777666666666
HUN,Hungary,2002,0.1368908,1.4722222,1.0740740633333334
HUN,Hungary,2003,0.08919346,1.6111112,1.4351852
HUN,Hungary,2004,0.09281415,2.3611112,1.8148148666666666
HUN,Hungary,2005,0.08927373,2.2222223,2.0648149
HUN,Hungary,2006,0.07733528,2.8333333,2.4722222666666664
HUN,Hungary,2007,0.1489904,2.9722223,2.6759259666666666
HUN,Hungary,2008,0.1012578,2.7777777,2.8611111
HUN,Hungary,2009,0.1140305,3.0555556,2.9351852
HUN,Hungary,2010,0.09482318,3.6388888,3.1574073666666664
HUN,Hungary,2011,0.1091458,3.5277777,3.4074073666666664
HUN,Hungary,2012,0.08651176,3.6666667,3.6111110666666666
HUN,Hungary,2013,0.0631762,3.5555556,3.5833333333333335
HUN,Hungary,2014,0.06593329,2.8888888,3.3703703666666667
HUN,Hungary,2015,0.09489875,2.8888888,3.1111110666666666
HUN,Hungary,2016,0.06141719,2.9722223,2.9166666333333335
HUN,Hungary,2017,0.06967431,2.6944444,2.8518518333333334
HUN,Hungary,2018,0.07456467,3.1111112,2.9259259666666666
HUN,Hungary,2019,0.06668201,2.6944444,2.8333333333333335
HUN,Hungary,2020,0.0638042,2.75,2.851851866666667
HUN,Hungary,2021,0.04149739,2.8055556,2.75
IDN,Indonesia,1993,0.008867135,0.16666667,0.16666667
IDN,Indonesia,1994,0.02296901,0.16666667,0.16666667
IDN,Indonesia,1995,0.00331609,0.16666667,0.16666667
IDN,Indonesia,1996,0.008939746,0.25,0.1944444466666667
IDN,Indonesia,1997,0.01234568,0.25,0.22222222333333333
IDN,Indonesia,1998,0.03030303,0.25,0.25
IDN,Indonesia,1999,0.003258603,0.25,0.25
IDN,Indonesia,2000,0.0227609,0.25,0.25
IDN,Indonesia,2001,0.002687739,0.25,0.25
IDN,Indonesia,2002,0.006539367,0.25,0.25
IDN,Indonesia,2003,0.01210771,0.25,0.25
IDN,Indonesia,2004,0.01631499,0.25,0.25
IDN,Indonesia,2005,0.01107531,0.25,0.25
IDN,Indonesia,2006,0.0250883,0.25,0.25
IDN,Indonesia,2007,0.01819943,0.33333334,0.27777778000000003
IDN,Indonesia,2008,0.006412106,0.33333334,0.30555556
IDN,Indonesia,2009,0.01552349,0.33333334,0.33333334
IDN,Indonesia,2010,0.0206584,0.33333334,0.33333334
IDN,Indonesia,2011,0.01716359,0.66666669,0.4444444566666667
IDN,Indonesia,2012,0.0185901,0.83333331,0.6111111133333333
IDN,Indonesia,2013,0.02764715,0.83333331,0.77777777
IDN,Indonesia,2014,0.01143941,0.75,0.80555554
IDN,Indonesia,2015,0.02406995,0.75,0.77777777
IDN,Indonesia,2016,0.01808604,0.75,0.75
IDN,Indonesia,2017,0.01406024,1.0833334,0.8611111333333333
IDN,Indonesia,2018,0.01308756,1.25,1.0277778
IDN,Indonesia,2019,0.01506623,1.3055556,1.212963
IDN,Indonesia,2020,0.008080573,1.5555556,1.3703703999999999
IDN,Indonesia,2021,0.01360676,1.6388888,1.5
IND,India,1993,0.08441512,0.69444442,0.6574074066666666
IND,India,1994,0.1236793,0.69444442,0.6759259133333333
IND,India,1995,0.09865367,0.69444442,0.69444442
IND,India,1996,0.1492938,0.77777779,0.72222221
IND,India,1997,0.2277092,0.77777779,0.75
IND,India,1998,0.1837121,0.8611111,0.8055555600000001
IND,India,1999,0.1828076,0.8611111,0.83333333
IND,India,2000,0.2641212,0.8611111,0.8611111
IND,India,2001,0.2438675,0.91666669,0.87962963
IND,India,2002,0.3969832,0.91666669,0.89814816
IND,India,2003,0.4387142,1.0555556,0.9629629933333334
IND,India,2004,0.5133472,1.3055556,1.09259263
IND,India,2005,0.6591873,1.3055556,1.2222222666666667
IND,India,2006,0.7417228,1.5555556,1.3888889333333332
IND,India,2007,0.716015,1.5555556,1.4722222666666667
IND,India,2008,0.9446343,1.5,1.5370370666666666
IND,India,2009,1.050156,1.5,1.5185185333333333
IND,India,2010,1.157959,1.5833334,1.5277778
IND,India,2011,1.214644,1.6944444,1.5925926
IND,India,2012,1.117086,1.7777778,1.6851852
IND,India,2013,1.151951,1.8611112,1.7777778
IND,India,2014,1.078369,1.7777778,1.8055556
IND,India,2015,1.291615,1.8611112,1.8333334
IND,India,2016,1.198433,1.9722222,1.8703703999999999
IND,India,2017,1.185934,2.5277777,2.1203703666666667
IND,India,2018,1.135592,2.5277777,2.3425925333333333
IND,India,2019,1.19991,2.6944444,2.5833332666666666
IND,India,2020,1.547903,2.6944444,2.638888833333333
IND,India,2021,1.139217,2.8333333,2.7407407
IRL,Ireland,1993,0.06739023,0.52777779,0.5092592733333333
IRL,Ireland,1994,0.02738613,0.52777779,0.5092592733333333
IRL,Ireland,1995,0.1392758,0.52777779,0.52777779
IRL,Ireland,1996,0.1110018,0.52777779,0.52777779
IRL,Ireland,1997,0.1392318,0.8888889,0.64814816
IRL,Ireland,1998,0.1912879,0.8888889,0.76851853
IRL,Ireland,1999,0.1898679,0.94444442,0.9074074066666666
IRL,Ireland,2000,0.1251849,0.94444442,0.9259259133333333
IRL,Ireland,2001,0.08376785,1.2222222,1.0370370133333333
IRL,Ireland,2002,0.0599006,1.1666666,1.1111110733333334
IRL,Ireland,2003,0.130648,1.2222222,1.2037036666666667
IRL,Ireland,2004,0.1157276,1.9722222,1.4537036666666667
IRL,Ireland,2005,0.10686,2.0277777,1.7407407
IRL,Ireland,2006,0.1432225,2.0833333,2.0277777333333336
IRL,Ireland,2007,0.1430352,2.4444444,2.185185133333333
IRL,Ireland,2008,0.2000577,2.3611112,2.2962963
IRL,Ireland,2009,0.1210736,2.6388888,2.4814814666666667
IRL,Ireland,2010,0.123284,2.6666667,2.555555566666667
IRL,Ireland,2011,0.1236248,2.6666667,2.6574074
IRL,Ireland,2012,0.1155534,2.5833333,2.6388889
IRL,Ireland,2013,0.1124244,2.5833333,2.6111111
IRL,Ireland,2014,0.1093627,2.8055556,2.6574074
IRL,Ireland,2015,0.1355415,2.8611112,2.750000033333333
IRL,Ireland,2016,0.09934764,2.8611112,2.8425926666666665
IRL,Ireland,2017,0.09262102,2.5,2.7407407999999998
IRL,Ireland,2018,0.1151558,2.4444444,2.601851866666667
IRL,Ireland,2019,0.1699734,2.5,2.4814814666666667
IRL,Ireland,2020,0.1358183,2.5555556,2.5
IRL,Ireland,2021,0.1236538,3.0,2.6851852
ISL,Iceland,1995,0.006632179,0.0,0.0
ISL,Iceland,1996,0.008939746,0.0,0.0
ISL,Iceland,1997,0.008230452,0.0,0.0
ISL,Iceland,1998,0.01515152,0.0,0.0
ISL,Iceland,1999,0.003258603,0.0,0.0
ISL,Iceland,2000,0.01422556,0.0,0.0
ISL,Iceland,2002,0.009591072,0.0,0.0
ISL,Iceland,2003,0.01243058,0.0,0.0
ISL,Iceland,2004,0.01537234,0.0,0.0
ISL,Iceland,2005,0.01409585,0.0,0.0
ISL,Iceland,2006,0.01644136,0.0,0.0
ISL,Iceland,2007,0.01614016,0.0,0.0
ISL,Iceland,2008,0.003206053,0.0,0.0
ISL,Iceland,2009,0.01461316,0.72222221,0.24074073666666665
ISL,Iceland,2010,0.01062075,0.6111111,0.44444443666666666
ISL,Iceland,2011,0.006004184,0.66666669,0.6666666666666666
ISL,Iceland,2012,0.008293205,0.8888889,0.72222223
ISL,Iceland,2013,0.00134663,0.72222221,0.7592592666666667
ISL,Iceland,2014,0.00783521,0.72222221,0.7777777733333333
ISL,Iceland,2015,0.009470145,0.72222221,0.72222221
ISL,Iceland,2016,0.0150717,0.72222221,0.72222221
ISL,Iceland,2017,0.01128401,0.72222221,0.72222221
ISL,Iceland,2018,0.009299058,0.77777779,0.7407407366666666
ISL,Iceland,2019,0.01262494,1.0,0.8333333333333334
ISL,Iceland,2020,0.002327205,1.0,0.92592593
ISL,Iceland,2021,0.009673051,1.0,1.0
ISR,Israel,1993,0.3440448,0.0,0.0
ISR,Israel,1994,0.6130959,0.33333334,0.11111111333333333
ISR,Israel,1995,0.3457024,0.16666667,0.16666667
ISR,Israel,1996,0.3412003,0.33333334,0.2777777833333333
ISR,Israel,1997,0.3964335,0.055555556,0.18518518866666667
ISR,Israel,1998,0.4002525,0.055555556,0.14814815066666667
ISR,Israel,1999,0.454032,0.11111111,0.074074074
ISR,Israel,2000,0.4509503,0.055555556,0.074074074
ISR,Israel,2001,0.4613951,0.055555556,0.074074074
ISR,Israel,2002,0.4810358,0.055555556,0.055555556
ISR,Israel,2003,0.3624241,0.055555556,0.055555556
ISR,Israel,2004,0.5391197,0.47222221,0.19444444066666663
ISR,Israel,2005,0.4872466,0.47222221,0.3333333253333333
ISR,Israel,2006,0.6294605,0.47222221,0.47222221
ISR,Israel,2007,0.7943465,0.47222221,0.47222221
ISR,Israel,2008,0.874624,0.47222221,0.47222221
ISR,Israel,2009,0.6287217,0.47222221,0.47222221
ISR,Israel,2010,0.5349944,1.3055556,0.7500000066666667
ISR,Israel,2011,0.5857347,1.3888888,1.0555555366666667
ISR,Israel,2012,0.6976019,1.4722222,1.3888888666666668
ISR,Israel,2013,0.4893586,1.3888888,1.4166666
ISR,Israel,2014,0.5051192,1.2222222,1.3611110666666668
ISR,Israel,2015,0.5624872,0.55555558,1.0555555266666667
ISR,Israel,2016,0.661428,0.6111111,0.7962962933333334
ISR,Israel,2017,0.608999,0.6111111,0.5925925933333334
ISR,Israel,2018,0.476835,0.77777779,0.6666666633333334
ISR,Israel,2019,0.4403036,0.8611111,0.7499999966666667
ISR,Israel,2020,0.4784669,0.8611111,0.83333333
ISR,Israel,2021,0.4227123,1.0833334,0.9351851999999999
ITA,Italy,1993,2.013549,1.5833334,1.5648148666666666
ITA,Italy,1994,1.926746,1.3333334,1.4722222666666667
ITA,Italy,1995,1.728512,1.3333334,1.4166667333333332
ITA,Italy,1996,1.679182,1.4166666,1.3611111333333332
ITA,Italy,1997,1.665295,1.4166666,1.3888888666666668
ITA,Italy,1998,1.732955,1.3333334,1.3888888666666668
ITA,Italy,1999,1.538604,1.5833334,1.4444444666666667
ITA,Italy,2000,1.65003,1.5,1.4722222666666667
ITA,Italy,2001,1.796036,1.7777778,1.6203703999999999
ITA,Italy,2002,1.612608,1.7777778,1.6851852
ITA,Italy,2003,1.96206,1.9166666,1.8240740666666666
ITA,Italy,2004,1.651439,1.9166666,1.8703703333333335
ITA,Italy,2005,1.594912,1.9722222,1.9351851333333334
ITA,Italy,2006,1.678236,2.2222223,2.037037033333333
ITA,Italy,2007,1.774472,3.1388888,2.4444444333333335
ITA,Italy,2008,1.871724,2.9722223,2.7777778000000004
ITA,Italy,2009,1.908739,3.0833333,3.0648148
ITA,Italy,2010,1.603133,3.2777777,3.1111111
ITA,Italy,2011,1.527872,3.4722223,3.2777777666666665
ITA,Italy,2012,1.588352,3.5,3.4166666666666665
ITA,Italy,2013,1.419893,3.5833333,3.5185185333333333
ITA,Italy,2014,1.419779,3.6666667,3.5833333333333335
ITA,Italy,2015,1.54462,4.0,3.75
ITA,Italy,2016,1.4648,4.0555553,3.9074073333333335
ITA,Italy,2017,1.441261,4.0555553,4.037036866666667
ITA,Italy,2018,1.347543,4.0555553,4.0555553
ITA,Italy,2019,1.455553,3.7777777,3.9629627666666667
ITA,Italy,2020,1.487068,3.75,3.8611109999999997
ITA,Italy,2021,1.366383,3.7222223,3.75
JPN,Japan,1993,31.45386,1.5833334,1.5833334
JPN,Japan,1994,29.56324,1.5833334,1.5833334
JPN,Japan,1995,33.42287,1.6388888,1.6018518666666666
JPN,Japan,1996,33.14292,1.75,1.6574074
JPN,Japan,1997,32.28326,1.9444444,1.7777777333333333
JPN,Japan,1998,31.82412,1.9444444,1.8796296000000001
JPN,Japan,1999,32.74353,2.1111112,2.0
JPN,Japan,2000,33.89989,2.6111112,2.2222222666666664
JPN,Japan,2001,33.77959,2.6944444,2.4722222666666664
JPN,Japan,2002,32.46822,2.6944444,2.6666666666666665
JPN,Japan,2003,33.26069,2.6944444,2.6944444
JPN,Japan,2004,31.63865,2.75,2.7129629333333334
JPN,Japan,2005,29.93355,3.0277777,2.8240740333333334
JPN,Japan,2006,27.42674,3.0277777,2.935185133333333
JPN,Japan,2007,26.02139,2.9722223,3.0092592333333332
JPN,Japan,2008,23.21695,3.0555556,3.0185185333333333
JPN,Japan,2009,22.33887,3.0,3.0092593
JPN,Japan,2010,24.26209,3.1111112,3.0555556
JPN,Japan,2011,25.00495,3.2222221,3.1111111
JPN,Japan,2012,23.80076,3.4166667,3.25
JPN,Japan,2013,22.56206,4.0555553,3.5648147
JPN,Japan,2014,22.95693,3.8333333,3.7685184333333335
JPN,Japan,2015,22.58677,3.8333333,3.9074073000000005
JPN,Japan,2016,21.60257,3.7222221,3.7962962333333334
JPN,Japan,2017,22.01572,3.9444444,3.8333332666666666
JPN,Japan,2018,22.19602,3.8888888,3.8518517666666665
JPN,Japan,2019,20.25395,3.6111112,3.8148148
JPN,Japan,2020,17.60094,3.7777777,3.7592592333333332
JPN,Japan,2021,18.32637,3.7777777,3.7222221999999996
KOR,Korea,1993,1.738668,0.33333334,0.25000000533333333
KOR,Korea,1994,1.824269,0.33333334,0.33333334
KOR,Korea,1995,1.958151,0.33333334,0.33333334
KOR,Korea,1996,3.133381,0.33333334,0.33333334
KOR,Korea,1997,2.89369,0.75,0.4722222266666667
KOR,Korea,1998,2.814015,0.75,0.6111111133333333
KOR,Korea,1999,3.056569,0.75,0.75
KOR,Korea,2000,3.007283,0.83333331,0.77777777
KOR,Korea,2001,3.339515,0.8888889,0.82407407
KOR,Korea,2002,3.673555,0.8888889,0.87037037
KOR,Korea,2003,4.887041,1.3888888,1.0555555333333333
KOR,Korea,2004,7.271523,1.8055556,1.3611110999999998
KOR,Korea,2005,7.762518,2.2222223,1.8055555666666667
KOR,Korea,2006,7.558676,3.1388888,2.3888889
KOR,Korea,2007,6.720601,3.3055556,2.8888889
KOR,Korea,2008,7.318363,3.3055556,3.25
KOR,Korea,2009,9.315892,3.1388888,3.25
KOR,Korea,2010,9.919116,3.3055556,3.25
KOR,Korea,2011,9.851159,3.3888888,3.2777777333333336
KOR,Korea,2012,10.36707,3.6111112,3.4351852
KOR,Korea,2013,11.49092,3.0,3.3333333333333335
KOR,Korea,2014,12.04732,3.0,3.203703733333333
KOR,Korea,2015,11.49919,2.8333333,2.944444433333333
KOR,Korea,2016,12.33437,2.9444444,2.9259258999999997
KOR,Korea,2017,11.03141,3.0,2.9259258999999997
KOR,Korea,2018,11.02991,3.0,2.9814814666666667
KOR,Korea,2019,11.32337,3.1111112,3.0370370666666666
KOR,Korea,2020,12.25406,3.1666667,3.0925926333333336
KOR,Korea,2021,13.81879,3.1666667,3.1481482
LUX,Luxembourg,1993,0.05142938,1.2222222,1.1851851333333334
LUX,Luxembourg,1994,0.07244072,1.2777778,1.2222222
LUX,Luxembourg,1995,0.05471548,1.5277778,1.3425926
LUX,Luxembourg,1996,0.06257822,1.5277778,1.4444444666666667
LUX,Luxembourg,1997,0.05624143,1.5277778,1.5277778
LUX,Luxembourg,1998,0.1332071,1.5277778,1.5277778
LUX,Luxembourg,1999,0.08689607,1.5277778,1.5277778
LUX,Luxembourg,2000,0.09436288,1.5277778,1.5277778
LUX,Luxembourg,2001,0.06450573,1.7222222,1.5925926
LUX,Luxembourg,2002,0.05144302,1.8055556,1.6851852
LUX,Luxembourg,2003,0.03390159,2.3888888,1.9722222
LUX,Luxembourg,2004,0.05583351,2.4722223,2.2222222333333335
LUX,Luxembourg,2005,0.05772587,2.4722223,2.4444444666666665
LUX,Luxembourg,2006,0.07063695,2.4166667,2.4537037666666666
LUX,Luxembourg,2007,0.03478483,2.6388888,2.509259266666667
LUX,Luxembourg,2008,0.03312922,2.5555556,2.5370370333333336
LUX,Luxembourg,2009,0.04321662,2.8888888,2.6944444
LUX,Luxembourg,2010,0.0370685,2.9166667,2.7870370333333336
LUX,Luxembourg,2011,0.05688616,2.9444444,2.9166666333333335
LUX,Luxembourg,2012,0.03305817,3.75,3.2037037
LUX,Luxembourg,2013,0.02135371,3.8055556,3.5
LUX,Luxembourg,2014,0.03525845,3.8055556,3.7870370666666666
LUX,Luxembourg,2015,0.03452657,3.8888888,3.8333333333333335
LUX,Luxembourg,2016,0.03240416,3.8888888,3.8611110666666666
LUX,Luxembourg,2017,0.02281878,3.9444444,3.9074073333333335
LUX,Luxembourg,2018,0.0331322,3.8888888,3.9074073333333335
LUX,Luxembourg,2019,0.04324565,3.9444444,3.9259258666666668
LUX,Luxembourg,2020,0.04007964,4.1666665,3.9999999
LUX,Luxembourg,2021,0.05029986,4.2222223,4.111111066666667
MEX,Mexico,1993,0.04256225,0.055555556,0.018518518666666667
MEX,Mexico,1994,0.03180324,0.1388889,0.06481481866666668
MEX,Mexico,1995,0.0331609,0.72222221,0.3055555553333333
MEX,Mexico,1996,0.04320877,0.6111111,0.4907407366666667
MEX,Mexico,1997,0.05486969,0.55555558,0.62962963
MEX,Mexico,1998,0.1079545,0.6111111,0.5925925933333334
MEX,Mexico,1999,0.1034063,0.97222221,0.7129629633333333
MEX,Mexico,2000,0.03983157,1.0277778,0.87037037
MEX,Mexico,2001,0.09514594,0.91666669,0.9722222333333334
MEX,Mexico,2002,0.0930334,0.97222221,0.9722222333333334
MEX,Mexico,2003,0.07522924,0.97222221,0.9537037033333333
MEX,Mexico,2004,0.1015155,0.91666669,0.9537037033333333
MEX,Mexico,2005,0.09410659,0.80555558,0.89814816
MEX,Mexico,2006,0.09438558,0.80555558,0.8425926166666667
MEX,Mexico,2007,0.09993385,0.75,0.7870370533333334
MEX,Mexico,2008,0.1208415,0.75,0.7685185266666666
MEX,Mexico,2009,0.06851415,0.75,0.75
MEX,Mexico,2010,0.1220583,0.80555558,0.7685185266666666
MEX,Mexico,2011,0.1246022,0.75,0.7685185266666666
MEX,Mexico,2012,0.1100337,0.75,0.7685185266666666
MEX,Mexico,2013,0.08618435,1.25,0.9166666666666666
MEX,Mexico,2014,0.1347656,1.4166666,1.1388888666666668
MEX,Mexico,2015,0.09284125,1.4722222,1.3796296000000001
MEX,Mexico,2016,0.121704,1.4722222,1.4537036666666667
MEX,Mexico,2017,0.1253779,1.4722222,1.4722222
MEX,Mexico,2018,0.1087498,1.4722222,1.4722222
MEX,Mexico,2019,0.08576889,1.4722222,1.4722222
MEX,Mexico,2020,0.08798128,1.5833334,1.5092592666666667
MEX,Mexico,2021,0.08141485,1.5833334,1.5462963333333333
NLD,Netherlands,1993,1.220118,1.5555556,1.5555556
NLD,Netherlands,1994,1.378141,1.5555556,1.5555556
NLD,Netherlands,1995,1.337047,1.6111112,1.5740741333333332
NLD,Netherlands,1996,1.650873,1.4444444,1.5370370666666666
NLD,Netherlands,1997,1.501372,1.3888888,1.4814814666666667
NLD,Netherlands,1998,1.442551,1.4444444,1.4259258666666668
NLD,Netherlands,1999,1.346563,1.5,1.4444444
NLD,Netherlands,2000,1.363188,1.4444444,1.4629629333333334
NLD,Netherlands,2001,1.255084,1.5555556,1.5
NLD,Netherlands,2002,1.262272,1.7222222,1.5740740666666666
NLD,Netherlands,2003,1.262315,1.611111,1.6296296000000001
NLD,Netherlands,2004,1.1981,1.7777778,1.7037036666666667
NLD,Netherlands,2005,1.171611,1.8055556,1.7314814666666667
NLD,Netherlands,2006,1.251801,2.75,2.1111111333333334
NLD,Netherlands,2007,1.327031,2.7777777,2.444444433333333
NLD,Netherlands,2008,1.390091,2.7777777,2.7685184666666665
NLD,Netherlands,2009,1.440768,3.2222223,2.9259258999999997
NLD,Netherlands,2010,1.175554,3.5555556,3.1851852
NLD,Netherlands,2011,1.270733,3.75,3.5092593
NLD,Netherlands,2012,1.204546,3.1666667,3.4907407666666668
NLD,Netherlands,2013,1.175608,3.1388888,3.3518518333333334
NLD,Netherlands,2014,1.159986,3.0555556,3.1203703666666667
NLD,Netherlands,2015,1.249586,3.1111112,3.101851866666667
NLD,Netherlands,2016,1.220695,3.1944444,3.1203704
NLD,Netherlands,2017,1.080668,3.3333333,3.2129629666666664
NLD,Netherlands,2018,1.07995,3.1111112,3.2129629666666664
NLD,Netherlands,2019,1.051283,3.5,3.314814833333333
NLD,Netherlands,2020,1.049749,3.4722223,3.361111166666667
NLD,Netherlands,2021,0.8459405,3.4722223,3.4814815333333335
NOR,Norway,1993,0.2642406,1.5277778,0.9722222333333334
NOR,Norway,1994,0.3374678,1.5833334,1.3425926299999997
NOR,Norway,1995,0.3133705,1.4166666,1.5092592666666667
NOR,Norway,1996,0.3680196,1.5277778,1.5092592666666667
NOR,Norway,1997,0.3799726,1.5277778,1.4907407333333333
NOR,Norway,1998,0.4232323,1.4166666,1.4907407333333333
NOR,Norway,1999,0.3226017,1.4166666,1.4537036666666667
NOR,Norway,2000,0.3395167,1.3611112,1.3981481333333334
NOR,Norway,2001,0.3005788,1.6388888,1.4722222
NOR,Norway,2002,0.3234807,1.5277778,1.5092592666666667
NOR,Norway,2003,0.3156076,2.3611112,1.8425926
NOR,Norway,2004,0.3347836,2.25,2.0462963333333333
NOR,Norway,2005,0.3499799,2.25,2.2870370666666666
NOR,Norway,2006,0.3501401,2.4722223,2.3240741000000003
NOR,Norway,2007,0.4164162,2.4722223,2.3981482
NOR,Norway,2008,0.3769784,2.8055556,2.5833334000000003
NOR,Norway,2009,0.441557,2.9722223,2.750000066666667
NOR,Norway,2010,0.3431544,3.6666667,3.1481482
NOR,Norway,2011,0.3247007,3.6666667,3.4351852333333333
NOR,Norway,2012,0.2850864,3.7222223,3.6851852333333333
NOR,Norway,2013,0.2345061,3.6666667,3.6851852333333333
NOR,Norway,2014,0.1655188,3.6666667,3.6851852333333333
NOR,Norway,2015,0.2164717,3.7222223,3.6851852333333333
NOR,Norway,2016,0.2122096,3.7222223,3.7037037666666666
NOR,Norway,2017,0.2555919,3.7222223,3.7222223
NOR,Norway,2018,0.2867209,3.7222223,3.7222223
NOR,Norway,2019,0.298674,3.8333333,3.7592593
NOR,Norway,2020,0.3286207,3.8888888,3.8148148
NOR,Norway,2021,0.2947056,3.9444444,3.888888833333333
NZL,New Zealand,1993,0.1667021,0.22222222,0.24074074333333337
NZL,New Zealand,1994,0.2014205,0.22222222,0.22222222
NZL,New Zealand,1995,0.2636291,0.22222222,0.22222222
NZL,New Zealand,1996,0.2011443,0.22222222,0.22222222
NZL,New Zealand,1997,0.1934156,0.22222222,0.22222222
NZL,New Zealand,1998,0.1565657,0.22222222,0.22222222
NZL,New Zealand,1999,0.1216545,0.30555555,0.2499999966666667
NZL,New Zealand,2000,0.1128561,0.30555555,0.27777777333333337
NZL,New Zealand,2001,0.2212905,0.30555555,0.30555555
NZL,New Zealand,2002,0.1229401,0.30555555,0.30555555
NZL,New Zealand,2003,0.16749,0.30555555,0.30555555
NZL,New Zealand,2004,0.1580741,0.30555555,0.30555555
NZL,New Zealand,2005,0.1471338,0.30555555,0.30555555
NZL,New Zealand,2006,0.1823773,0.30555555,0.30555555
NZL,New Zealand,2007,0.1821056,0.30555555,0.30555555
NZL,New Zealand,2008,0.1503639,0.6388889,0.4166666666666667
NZL,New Zealand,2009,0.1912715,0.80555558,0.5833333433333333
NZL,New Zealand,2010,0.1398429,0.8888889,0.7777777933333333
NZL,New Zealand,2011,0.149507,0.83333331,0.8425925966666666
NZL,New Zealand,2012,0.1378506,0.83333331,0.85185184
NZL,New Zealand,2013,0.1258138,0.77777779,0.8148148033333333
NZL,New Zealand,2014,0.2041464,0.77777779,0.7962962966666667
NZL,New Zealand,2015,0.1193633,0.77777779,0.77777779
NZL,New Zealand,2016,0.08044522,0.77777779,0.77777779
NZL,New Zealand,2017,0.107825,0.83333331,0.7962962966666667
NZL,New Zealand,2018,0.0565176,0.83333331,0.8148148033333333
NZL,New Zealand,2019,0.09786074,0.83333331,0.83333331
NZL,New Zealand,2020,0.1008456,0.83333331,0.83333331
NZL,New Zealand,2021,0.08180176,0.83333331,0.83333331
POL,Poland,1993,0.06739023,0.58333331,0.5648148033333333
POL,Poland,1994,0.06360649,0.6388889,0.5833333333333334
POL,Poland,1995,0.009948269,0.6388889,0.62037037
POL,Poland,1996,0.09461232,0.75,0.6759259333333333
POL,Poland,1997,0.07064472,0.75,0.7129629666666667
POL,Poland,1998,0.05871212,0.75,0.75
POL,Poland,1999,0.07320994,0.80555552,0.7685185066666667
POL,Poland,2000,0.07492129,0.80555552,0.7870370133333333
POL,Poland,2001,0.1039259,1.1388888,0.9166666133333333
POL,Poland,2002,0.1233761,1.2777778,1.07407404
POL,Poland,2003,0.07668217,1.2777778,1.2314814666666667
POL,Poland,2004,0.1446596,1.2777778,1.2777778
POL,Poland,2005,0.09021345,1.3333334,1.2962963333333333
POL,Poland,2006,0.09712581,2.0833333,1.5648148333333332
POL,Poland,2007,0.1199938,2.3611112,1.9259259666666664
POL,Poland,2008,0.2195078,2.25,2.2314814999999997
POL,Poland,2009,0.1866172,2.5833333,2.3981481666666666
POL,Poland,2010,0.1504398,2.7777777,2.537037
POL,Poland,2011,0.1654977,2.9444444,2.7685184666666665
POL,Poland,2012,0.2915925,3.0,2.9074073666666664
POL,Poland,2013,0.2262339,2.7222223,2.8888889
POL,Poland,2014,0.2692178,2.8888888,2.8703703666666667
POL,Poland,2015,0.3043693,2.9444444,2.8518518333333334
POL,Poland,2016,0.1852375,2.9444444,2.9259258666666668
POL,Poland,2017,0.2349071,2.8333333,2.9074073666666664
POL,Poland,2018,0.1477861,2.8888888,2.888888833333333
POL,Poland,2019,0.1634616,3.0555556,2.9259258999999997
POL,Poland,2020,0.1535309,3.4166667,3.1203703666666667
POL,Poland,2021,0.1891726,3.4722223,3.314814866666667
PRT,Portugal,1993,0.05142938,0.75,0.7129629466666666
PRT,Portugal,1994,0.01590162,1.1111112,0.8518518733333332
PRT,Portugal,1995,0.02818676,1.1111112,0.9907408000000001
PRT,Portugal,1996,0.03128911,1.1666666,1.1296296666666665
PRT,Portugal,1997,0.02057613,1.361111,1.2129629333333334
PRT,Portugal,1998,0.02840909,1.361111,1.2962962
PRT,Portugal,1999,0.04301355,1.4166666,1.3796295333333335
PRT,Portugal,2000,0.04077994,1.361111,1.3796295333333335
PRT,Portugal,2001,0.07122507,1.3055556,1.3611110666666668
PRT,Portugal,2002,0.05318685,1.3888888,1.3518518000000002
PRT,Portugal,2003,0.03955185,1.4444444,1.3796296000000001
PRT,Portugal,2004,0.03915597,2.2777777,1.7037036333333333
PRT,Portugal,2005,0.07417103,2.2777777,1.9999999333333334
PRT,Portugal,2006,0.07489952,2.6666667,2.4074073666666664
PRT,Portugal,2007,0.08793607,2.6944444,2.546296266666667
PRT,Portugal,2008,0.08896797,2.3611112,2.5740741000000003
PRT,Portugal,2009,0.07977347,2.6944444,2.5833333333333335
PRT,Portugal,2010,0.08792316,2.75,2.601851866666667
PRT,Portugal,2011,0.07391198,2.75,2.7314814666666667
PRT,Portugal,2012,0.07116105,2.9166667,2.805555566666667
PRT,Portugal,2013,0.05721255,2.8055556,2.8240741000000003
PRT,Portugal,2014,0.03592444,2.8055556,2.8425926333333336
PRT,Portugal,2015,0.09130798,2.1111112,2.5740741333333332
PRT,Portugal,2016,0.09589371,2.1666667,2.361111166666667
PRT,Portugal,2017,0.07858211,2.3888888,2.2222222333333335
PRT,Portugal,2018,0.07643022,2.3888888,2.3148147666666667
PRT,Portugal,2019,0.07951621,2.3888888,2.3888888
PRT,Portugal,2020,0.1029465,2.6666667,2.4814814333333337
PRT,Portugal,2021,0.05997292,2.7777777,2.6111110666666666
RUS,Russia,1993,0.423849,0.0,0.0
RUS,Russia,1994,0.5680413,0.055555556,0.018518518666666667
RUS,Russia,1995,0.331609,0.055555556,0.037037037333333335
RUS,Russia,1996,0.6481316,0.055555556,0.055555556
RUS,Russia,1997,0.4183813,0.055555556,0.055555556
RUS,Russia,1998,0.485101,0.55555558,0.22222223066666666
RUS,Russia,1999,0.4904197,0.55555558,0.38888890533333337
RUS,Russia,2000,0.6041121,0.55555558,0.55555558
RUS,Russia,2001,0.5164937,0.55555558,0.55555558
RUS,Russia,2002,0.4080565,0.6111111,0.5740740866666667
RUS,Russia,2003,0.410855,0.6111111,0.5925925933333334
RUS,Russia,2004,0.4031615,0.72222221,0.6481481366666667
RUS,Russia,2005,0.4591891,0.66666669,0.6666666666666666
RUS,Russia,2006,0.4853594,0.66666669,0.6851851966666667
RUS,Russia,2007,0.3998308,0.66666669,0.66666669
RUS,Russia,2008,0.4281226,0.66666669,0.66666669
RUS,Russia,2009,0.4332511,0.66666669,0.66666669
RUS,Russia,2010,0.3767779,0.66666669,0.66666669
RUS,Russia,2011,0.4085861,0.66666669,0.66666669
RUS,Russia,2012,0.3612522,0.66666669,0.66666669
RUS,Russia,2013,0.3351786,0.66666669,0.66666669
RUS,Russia,2014,0.3733869,1.0833334,0.8055555933333333
RUS,Russia,2015,0.2690141,1.0833334,0.9444444966666666
RUS,Russia,2016,0.3005298,1.0833334,1.0833334
RUS,Russia,2017,0.3275767,1.1666666,1.1111111333333332
RUS,Russia,2018,0.3158777,1.1666666,1.1388888666666668
RUS,Russia,2019,0.2723978,1.1666666,1.1666666
RUS,Russia,2020,0.3158581,1.1666666,1.1666666
RUS,Russia,2021,0.2115711,1.1666666,1.1666666
SVK,Slovak Republic,1993,0.0461091,0.3611111,0.3611111
SVK,Slovak Republic,1994,0.007067387,0.3611111,0.3611111
SVK,Slovak Republic,1995,0.05968961,0.3611111,0.3611111
SVK,Slovak Republic,1996,0.02979915,0.3611111,0.3611111
SVK,Slovak Republic,1997,0.03429355,0.3611111,0.3611111
SVK,Slovak Republic,1998,0.02525252,0.3611111,0.3611111
SVK,Slovak Republic,1999,0.02606882,0.3611111,0.3611111
SVK,Slovak Republic,2000,0.02939949,0.3611111,0.3611111
SVK,Slovak Republic,2001,0.03583651,1.1388888,0.6203703333333334
SVK,Slovak Republic,2002,0.00784724,1.1388888,0.8796295666666666
SVK,Slovak Republic,2003,0.04358776,1.4166666,1.2314814
SVK,Slovak Republic,2004,0.04169386,1.4722222,1.3425925333333335
SVK,Slovak Republic,2005,0.02013693,1.4722222,1.4537036666666667
SVK,Slovak Republic,2006,0.02822868,2.0833333,1.6759259
SVK,Slovak Republic,2007,0.03673279,2.1388888,1.8981481
SVK,Slovak Republic,2008,0.0238851,1.8055556,2.0092592333333332
SVK,Slovak Republic,2009,0.02587248,1.8055556,1.9166666666666667
SVK,Slovak Republic,2010,0.04478367,2.4166667,2.0092593
SVK,Slovak Republic,2011,0.05683403,2.3055556,2.1759259666666666
SVK,Slovak Republic,2012,0.03229382,2.6944444,2.4722222333333335
SVK,Slovak Republic,2013,0.03231913,2.5833333,2.5277777666666665
SVK,Slovak Republic,2014,0.03878429,3.1666667,2.8148148
SVK,Slovak Republic,2015,0.05405875,3.0,2.9166666666666665
SVK,Slovak Republic,2016,0.05423929,2.8333333,3.0
SVK,Slovak Republic,2017,0.04329718,3.0555556,2.9629629666666664
SVK,Slovak Republic,2018,0.03630077,2.4166667,2.7685185333333333
SVK,Slovak Republic,2019,0.03180648,2.5555556,2.6759259666666666
SVK,Slovak Republic,2020,0.03086779,2.4444444,2.4722222333333335
SVK,Slovak Republic,2021,0.03756368,2.5,2.5
SVN,Slovenia,1993,0.01418742,0.0,0.0
SVN,Slovenia,1994,0.0530054,0.0,0.0
SVN,Slovenia,1995,0.02984481,0.0,0.0
SVN,Slovenia,1996,0.04022886,0.0,0.0
SVN,Slovenia,1997,0.004115226,0.055555556,0.018518518666666667
SVN,Slovenia,1998,0.02146465,0.055555556,0.037037037333333335
SVN,Slovenia,1999,0.02606882,0.11111111,0.074074074
SVN,Slovenia,2000,0.02465764,0.11111111,0.09259259199999999
SVN,Slovenia,2001,0.02418965,0.52777779,0.25000000333333333
SVN,Slovenia,2002,0.03008109,0.52777779,0.38888889666666665
SVN,Slovenia,2003,0.03148005,0.52777779,0.52777779
SVN,Slovenia,2004,0.02610398,0.52777779,0.52777779
SVN,Slovenia,2005,0.05034233,0.52777779,0.52777779
SVN,Slovenia,2006,0.02740226,2.0277777,1.02777776
SVN,Slovenia,2007,0.01235557,2.0833333,1.5462962633333335
SVN,Slovenia,2008,0.03019033,2.0833333,2.0648147666666667
SVN,Slovenia,2009,0.03329884,2.25,2.1388888666666666
SVN,Slovenia,2010,0.03123751,2.9166667,2.4166666666666665
SVN,Slovenia,2011,0.05043515,2.8611112,2.6759259666666666
SVN,Slovenia,2012,0.04509669,2.8611112,2.8796297
SVN,Slovenia,2013,0.05348046,2.75,2.8240741333333332
SVN,Slovenia,2014,0.04877418,2.9166667,2.8425926333333336
SVN,Slovenia,2015,0.04537778,2.8888888,2.8518518333333334
SVN,Slovenia,2016,0.04888884,2.8888888,2.8981481000000002
SVN,Slovenia,2017,0.04406139,2.9444444,2.9074073333333335
SVN,Slovenia,2018,0.03547418,3.0,2.9444444
SVN,Slovenia,2019,0.04028124,3.0,2.9814814666666667
SVN,Slovenia,2020,0.02618106,3.1666667,3.055555566666667
SVN,Slovenia,2021,0.03192107,3.2222223,3.1296296666666663
SWE,Sweden,1993,1.807122,1.5277778,1.08333334
SWE,Sweden,1994,1.889643,1.361111,1.3055555333333333
SWE,Sweden,1995,1.834627,1.4166666,1.4351851333333334
SWE,Sweden,1996,1.802104,1.25,1.3425925333333335
SWE,Sweden,1997,1.76845,1.3055556,1.3240740666666666
SWE,Sweden,1998,1.721423,1.25,1.2685185333333333
SWE,Sweden,1999,1.441606,1.388889,1.3148148666666666
SWE,Sweden,2000,1.208793,1.3333334,1.3240741333333332
SWE,Sweden,2001,1.04123,2.1666667,1.6296297
SWE,Sweden,2002,1.136978,2.3888888,1.9629629666666668
SWE,Sweden,2003,1.110842,3.0555556,2.5370370333333336
SWE,Sweden,2004,1.034515,3.0833333,2.8425925666666667
SWE,Sweden,2005,0.9069674,3.1388888,3.0925925666666667
SWE,Sweden,2006,0.9653862,3.0833333,3.1018518
SWE,Sweden,2007,0.9201006,3.25,3.1574073666666664
SWE,Sweden,2008,0.912977,3.0833333,3.1388888666666666
SWE,Sweden,2009,0.9291608,3.4166667,3.25
SWE,Sweden,2010,0.9357784,3.6111112,3.3703704
SWE,Sweden,2011,0.8619198,3.6111112,3.5462963666666667
SWE,Sweden,2012,0.898001,3.5,3.5740741333333332
SWE,Sweden,2013,0.9400662,3.3888888,3.5
SWE,Sweden,2014,1.041299,3.4444444,3.4444444
SWE,Sweden,2015,1.014952,3.5555556,3.4629629333333334
SWE,Sweden,2016,1.018896,3.6111112,3.5370370666666666
SWE,Sweden,2017,1.056775,3.6666667,3.611111166666667
SWE,Sweden,2018,0.9708068,3.6111112,3.6296297
SWE,Sweden,2019,0.9732913,3.6666667,3.6481482
SWE,Sweden,2020,0.9918742,3.6111112,3.6296297
SWE,Sweden,2021,0.9232927,3.8333333,3.703703733333333
TUR,Türkiye,1993,0.008867135,0.44444445,0.38888888666666666
TUR,Türkiye,1994,0.003533694,0.44444445,0.38888888666666666
TUR,Türkiye,1995,0.03813503,0.44444445,0.44444445
TUR,Türkiye,1996,0.03575898,0.5,0.46296296666666664
TUR,Türkiye,1997,0.0260631,0.5,0.48148148333333335
TUR,Türkiye,1998,0.04924243,0.5,0.5
TUR,Türkiye,1999,0.01846541,0.5,0.5
TUR,Türkiye,2000,0.03698646,0.5,0.5
TUR,Türkiye,2001,0.05778638,0.77777779,0.5925925966666666
TUR,Türkiye,2002,0.06582963,0.77777779,0.6851851933333334
TUR,Türkiye,2003,0.04439494,0.83333331,0.7962962966666667
TUR,Türkiye,2004,0.09285559,0.83333331,0.8148148033333333
TUR,Türkiye,2005,0.1158257,0.83333331,0.83333331
TUR,Türkiye,2006,0.08738278,0.77777779,0.8148148033333333
TUR,Türkiye,2007,0.1313475,1.6111112,1.0740741
TUR,Türkiye,2008,0.1397432,1.6111112,1.3333333966666665
TUR,Türkiye,2009,0.1374732,1.6388888,1.6203703999999999
TUR,Türkiye,2010,0.1151206,1.6944444,1.6481481333333334
TUR,Türkiye,2011,0.1343988,2.5555556,1.9629629333333334
TUR,Türkiye,2012,0.1160694,2.7777777,2.3425925666666667
TUR,Türkiye,2013,0.1535264,2.3888888,2.5740740333333334
TUR,Türkiye,2014,0.214959,2.5277777,2.5648147333333333
TUR,Türkiye,2015,0.247013,2.5277777,2.4814814000000003
TUR,Türkiye,2016,0.2535545,2.6111112,2.555555533333333
TUR,Türkiye,2017,0.3255169,2.6944444,2.6111111
TUR,Türkiye,2018,0.2402257,2.7777777,2.694444433333333
TUR,Türkiye,2019,0.2242845,2.7222223,2.7314814666666667
TUR,Türkiye,2020,0.2532775,2.8888888,2.796296266666667
TUR,Türkiye,2021,0.2938995,2.8888888,2.8333333
USA,United States,1993,22.75289,1.0,0.8888888733333333
USA,United States,1994,23.09393,1.0833334,0.9722222366666666
USA,United States,1995,22.50365,1.0833334,1.0555556
USA,United States,1996,21.28881,1.25,1.1388889333333332
USA,United States,1997,21.37106,1.0833334,1.1388889333333332
USA,United States,1998,21.50311,1.0833334,1.1388889333333332
USA,United States,1999,21.182,1.1944444,1.1203703999999999
USA,United States,2000,22.19368,1.1388888,1.1388888666666668
USA,United States,2001,22.35317,1.2222222,1.1851851333333334
USA,United States,2002,23.92873,1.2222222,1.1944444
USA,United States,2003,21.83639,1.2222222,1.2222222
USA,United States,2004,21.78244,1.2222222,1.2222222
USA,United States,2005,22.63963,1.2222222,1.2222222
USA,United States,2006,23.3669,1.2222222,1.2222222
USA,United States,2007,24.51205,1.6666666,1.3703703333333335
USA,United States,2008,24.44589,1.6666666,1.5185184666666667
USA,United States,2009,23.26648,1.8888888,1.7407406666666667
USA,United States,2010,22.0715,2.3333333,1.9629629
USA,United States,2011,21.40145,2.0277777,2.0833332666666666
USA,United States,2012,23.13055,2.0277777,2.129629566666667
USA,United States,2013,25.1095,2.3611112,2.1388888666666666
USA,United States,2014,23.18358,2.4444444,2.2777777666666665
USA,United States,2015,23.03311,2.4166667,2.4074074333333333
USA,United States,2016,22.35768,2.4722221,2.4444444
USA,United States,2017,20.80066,2.9722221,2.6203703
USA,United States,2018,19.24624,2.9722221,2.8055554333333337
USA,United States,2019,17.85233,2.9166667,2.9537036333333333
USA,United States,2020,16.7884,2.9166667,2.935185166666667
USA,United States,2021,14.33043,3.0277777,2.9537037
ZAF,South Africa,1993,0.2181315,0.30555555,0.26851851666666665
ZAF,South Africa,1994,0.2084879,0.30555555,0.28703703333333336
ZAF,South Africa,1995,0.1575143,0.30555555,0.30555555
ZAF,South Africa,1996,0.1728351,0.30555555,0.30555555
ZAF,South Africa,1997,0.3360768,0.30555555,0.30555555
ZAF,South Africa,1998,0.2373737,0.30555555,0.30555555
ZAF,South Africa,1999,0.3117397,0.3611111,0.32407406666666666
ZAF,South Africa,2000,0.245628,0.30555555,0.32407406666666666
ZAF,South Africa,2001,0.3339067,0.25,0.30555555
ZAF,South Africa,2002,0.3871305,0.25,0.26851851666666665
ZAF,South Africa,2003,0.2260106,0.25,0.25
ZAF,South Africa,2004,0.232543,0.25,0.25
ZAF,South Africa,2005,0.273191,0.25,0.25
ZAF,South Africa,2006,0.1720601,0.19444445,0.23148148333333332
ZAF,South Africa,2007,0.1804359,0.44444445,0.2962963
ZAF,South Africa,2008,0.2016378,0.44444445,0.3611111166666667
ZAF,South Africa,2009,0.1322029,0.3888889,0.42592593333333334
ZAF,South Africa,2010,0.1650173,1.1111112,0.6481481833333333
ZAF,South Africa,2011,0.1172743,1.8333334,1.1111111666666666
ZAF,South Africa,2012,0.1299833,1.5277778,1.4907408
ZAF,South Africa,2013,0.120812,0.8611111,1.4074074333333335
ZAF,South Africa,2014,0.1264211,0.8611111,1.0833333333333333
ZAF,South Africa,2015,0.1471818,0.8611111,0.8611111
ZAF,South Africa,2016,0.06356491,0.8611111,0.8611111
ZAF,South Africa,2017,0.0579246,0.8611111,0.8611111
ZAF,South Africa,2018,0.08989089,0.8611111,0.8611111
ZAF,South Africa,2019,0.07487776,0.91666669,0.87962963
ZAF,South Africa,2020,0.08604194,0.8611111,0.87962963
ZAF,South Africa,2021,0.05207326,0.91666669,0.89814816
