dataset_id,variable,source_variable,source,source_url,source_domain,download_status,file_format,file_exists,file_size_bytes_actual,sha256,actual_rows,actual_columns,manifest_rows,manifest_columns,shape_matches_manifest,expected_columns_present,observed_structure,reliability_status,audit_notes,variable_group,observations_total,non_missing_observations,missing_observations,entities_total,entities_with_data,years_total,years_with_data,first_year,last_year,source_series_count,country_code_complete_share
oecd_carbon_pricing,carbon_tax,"OECD.CTP.TPS,DSD_NECR@DF_NECRS,1.1/.ENE.FFUEL.CARBTAX._Z.EUR_TCO2.MEANW.V.A",OECD Net Effective Carbon Rates,"https://sdmx.oecd.org/public/rest/data/OECD.CTP.TPS,DSD_NECR@DF_NECRS,1.1/.ENE.FFUEL.CARBTAX._Z.EUR_TCO2.MEANW.V.A?startPeriod=1990&endPeriod=2024&dimensionAtObservation=AllDimensions&format=csvfilewithlabels",sdmx.oecd.org,downloaded,csv,True,75188,7df856d86666116ce4fe1aac105ec1493f245ce54fc82b6174a7faa3690a7296,243,36,243,36,True,True,OECD.CTP.TPS:DSD_NECR@DF_NECRS(1.1),confirmed,,Environmental policy,222,219,3,79,78,3,3,2018,2023,1,1.0
oecd_environment_tax,environmental_tax_revenue,"OECD.ENV.EPI,DSD_ERTR@DF_ERTR,1.0/A..TAXREV._T._T.PT_B1GQ._Z",OECD Environmentally Related Tax Revenue,"https://sdmx.oecd.org/public/rest/data/OECD.ENV.EPI,DSD_ERTR@DF_ERTR,1.0/A..TAXREV._T._T.PT_B1GQ._Z?startPeriod=1990&endPeriod=2024&dimensionAtObservation=AllDimensions&format=csvfilewithlabels",sdmx.oecd.org,downloaded,csv,True,1178184,b54dd083b829fe7213693a4c9a3530b03e455d918ad18c28efc3de2a8386cd1d,4500,36,4500,36,True,True,OECD.ENV.EPI:DSD_ERTR@DF_ERTR(1.0),confirmed,,Environmental policy,4230,3501,729,141,132,30,30,1994,2023,1,1.0
oecd_eps,eps_index,POL_STRINGENCY.EPS,OECD Environmental Policy Stringency index,"https://sdmx.oecd.org/public/rest/data/OECD.ECO.MAD,DSD_EPS@DF_EPS,1.0/.A..EPS?startPeriod=1990&endPeriod=2020&dimensionAtObservation=AllDimensions&format=csvfilewithlabels",sdmx.oecd.org,downloaded,csv,True,288751,db84658a2e66d38f844f9a17bb00bac38ff83f8930971c038662529276c2b488,1240,22,1240,22,True,True,OECD.ECO.MAD:DSD_EPS@DF_EPS(1.0),confirmed,,Environmental policy,1240,1240,0,40,40,31,31,1990,2020,1,1.0
oecd_patents_environment,env_co_invention_share,PT_TECH_COL.COL.ENV_PAT._Z,OECD Patents - indicators,"https://sdmx.oecd.org/public/rest/data/OECD.ENV.EPI,DSD_PAT_IND@DF_PAT_IND,1.0/.A.PT_TECH_COL.COL.ENV_PAT._Z?startPeriod=1990&endPeriod=2023&dimensionAtObservation=AllDimensions&format=csvfilewithlabels",sdmx.oecd.org,downloaded,csv,True,717743,dccaed2952fda9a7cc8e23257c0012e9e982f85bb8fa37c1848e37caaf690146,2091,26,2091,26,True,True,OECD.ENV.EPI:DSD_PAT_IND@DF_PAT_IND(1.0),confirmed,,Target and patent dynamics,2091,2091,0,120,120,33,33,1990,2022,1,1.0
oecd_patents_environment,env_patent_share_inventions,PT_INV.DEV.ENV_PAT._Z,OECD Patents - indicators,"https://sdmx.oecd.org/public/rest/data/OECD.ENV.EPI,DSD_PAT_IND@DF_PAT_IND,1.0/.A.PT_INV.DEV.ENV_PAT._Z?startPeriod=1990&endPeriod=2023&dimensionAtObservation=AllDimensions&format=csvfilewithlabels",sdmx.oecd.org,downloaded,csv,True,1090105,cd2b47732357ba4dc41bf55d3677c1bf0c77a41a4f78cf2e0e4bc1d4c47c3f78,3804,26,3804,26,True,True,OECD.ENV.EPI:DSD_PAT_IND@DF_PAT_IND(1.0),confirmed,,Target and patent dynamics,3538,3538,0,202,202,34,34,1990,2023,1,1.0
oecd_patents_environment,env_patents_per_million,INV_PS.DEV.ENV_PAT._Z,OECD Patents - indicators,"https://sdmx.oecd.org/public/rest/data/OECD.ENV.EPI,DSD_PAT_IND@DF_PAT_IND,1.0/.A.INV_PS.DEV.ENV_PAT._Z?startPeriod=1990&endPeriod=2023&dimensionAtObservation=AllDimensions&format=csvfilewithlabels",sdmx.oecd.org,downloaded,csv,True,1063689,109bd8f4a4b545b8a580df1466438d8da8d0940fddae51521c41f671229326c2,3727,26,3727,26,True,True,OECD.ENV.EPI:DSD_PAT_IND@DF_PAT_IND(1.0),confirmed,,Target and patent dynamics,3528,3528,0,196,196,34,34,1990,2023,1,1.0
oecd_patents_environment,env_technology_share_for_rta,PT_TECH.DEV.ENV_PAT._Z,OECD Patents - indicators,"https://sdmx.oecd.org/public/rest/data/OECD.ENV.EPI,DSD_PAT_IND@DF_PAT_IND,1.0/.A.PT_TECH.DEV.ENV_PAT._Z?startPeriod=1990&endPeriod=2023&dimensionAtObservation=AllDimensions&format=csvfilewithlabels",sdmx.oecd.org,downloaded,csv,True,1093123,4ab24c54bdc12f06b2d0f76fcd20737a12a8d302d8d24191798be160a5316265,3804,26,3804,26,True,True,OECD.ENV.EPI:DSD_PAT_IND@DF_PAT_IND(1.0),confirmed,,Target and patent dynamics,3538,3538,0,202,202,34,34,1990,2023,1,1.0
policy_uncertainty,economic_policy_uncertainty,All_Country_Data,Economic Policy Uncertainty Index,https://www.policyuncertainty.com/media/All_Country_Data.xlsx,www.policyuncertainty.com,downloaded,xlsx,True,161448,bcf82319cec18c1f81c2d30984eee2c5fa80c009c886cd49adc8c37365114d8e,517,27,517,27,True,True,xlsx:EPU,confirmed,,Policy and macro conditions,805,697,108,23,23,35,35,1990,2024,23,0.0
world_bank_data360,rise_energy_efficiency,WB_RISE_EE_*,World Bank Data360 Regulatory Indicators for Sustainable Energy,https://data360files.worldbank.org/data360-data/data/WB_RISE/WB_RISE.csv,data360files.worldbank.org,downloaded,csv,True,7568063,a641da43dfdd66ce8b8d30788184ad82cde510f55ea8d2999b9ded87c6b51cdb,19600,37,19600,37,True,True,WB.DATA360:DS_DATA360(1.2),confirmed,,Environmental policy,19600,19600,0,140,140,14,14,2010,2023,10,1.0
world_bank_data360,rise_renewable_energy,WB_RISE_RE_*,World Bank Data360 Regulatory Indicators for Sustainable Energy,https://data360files.worldbank.org/data360-data/data/WB_RISE/WB_RISE.csv,data360files.worldbank.org,downloaded,csv,True,4574435,47fcf0636b59b7de46a1a58058f198284bce2577397679e5688a3a2911bf1c28,11760,37,11760,37,True,True,WB.DATA360:DS_DATA360(1.2),confirmed,,Environmental policy,11760,11760,0,140,140,14,14,2010,2023,6,1.0
world_bank_wdi,co2_per_capita_ar5,EN.GHG.CO2.PC.CE.AR5,World Bank World Development Indicators,https://api.worldbank.org/v2/country/all/indicator/EN.GHG.CO2.PC.CE.AR5?format=json&per_page=20000&date=1990:2024&source=2,api.worldbank.org,downloaded,csv,True,875598,87c701a6e6bea944d3534750e02f65602e41ed3729011aa87a4fb4f45f14c69d,9310,7,9310,7,True,True,world_bank_wdi,confirmed,,Energy system,7770,7245,525,222,207,35,35,1990,2024,1,0.9806763285024155
world_bank_wdi,energy_imports_net,EG.IMP.CONS.ZS,World Bank World Development Indicators,https://api.worldbank.org/v2/country/all/indicator/EG.IMP.CONS.ZS?format=json&per_page=20000&date=1990:2024&source=2,api.worldbank.org,downloaded,csv,True,774237,80ef02d2c423de48b353253208612562261ca427d2409167c53636288bff3071,9310,7,9310,7,True,True,world_bank_wdi,confirmed,,Energy system,7770,4534,3236,222,149,35,34,1990,2023,1,0.97022496691663
world_bank_wdi,fdi_net_inflows,BX.KLT.DINV.CD.WD,World Bank World Development Indicators,https://api.worldbank.org/v2/country/all/indicator/BX.KLT.DINV.CD.WD?format=json&per_page=20000&date=1990:2024&source=2,api.worldbank.org,downloaded,csv,True,797533,02799a7f977e65002c76d558fc4437165fd2996b06c2a3edc3f1c8f9109c56a3,9310,7,9310,7,True,True,world_bank_wdi,confirmed,,Policy and macro conditions,7770,6790,980,222,207,35,35,1990,2024,1,0.979381443298969
world_bank_wdi,fossil_energy_share,EG.USE.COMM.FO.ZS,World Bank World Development Indicators,https://api.worldbank.org/v2/country/all/indicator/EG.USE.COMM.FO.ZS?format=json&per_page=20000&date=1990:2024&source=2,api.worldbank.org,downloaded,csv,True,798946,3573aef23160984ebe81ccf917e43620e4bbfa27aff225ce5c5f012827af1959,9310,7,9310,7,True,True,world_bank_wdi,confirmed,,Energy system,7770,5117,2653,222,183,35,35,1990,2024,1,0.9728356458862615
world_bank_wdi,gdp_per_capita_current_usd,NY.GDP.PCAP.CD,World Bank World Development Indicators,https://api.worldbank.org/v2/country/all/indicator/NY.GDP.PCAP.CD?format=json&per_page=20000&date=1990:2024&source=2,api.worldbank.org,downloaded,csv,True,892825,3bab8f3d89af11800afb5d7cbd0d9ea3d28aca9eaa14373ac9ba6f8a0108349b,9310,7,9310,7,True,True,world_bank_wdi,confirmed,,Policy and macro conditions,7770,7346,424,222,218,35,35,1990,2024,1,0.9809420092567384
world_bank_wdi,high_tech_exports,TX.VAL.TECH.MF.ZS,World Bank World Development Indicators,https://api.worldbank.org/v2/country/all/indicator/TX.VAL.TECH.MF.ZS?format=json&per_page=20000&date=1990:2024&source=2,api.worldbank.org,downloaded,csv,True,748783,6a4e7950bba1db9871df770d8225eee79fbec0d1b3745e074bccd3998c533a3b,9310,7,9310,7,True,True,world_bank_wdi,confirmed,,R&D and knowledge capacity,7770,2724,5046,222,190,35,18,2007,2024,1,0.9783406754772394
world_bank_wdi,inflation,FP.CPI.TOTL.ZG,World Bank World Development Indicators,https://api.worldbank.org/v2/country/all/indicator/FP.CPI.TOTL.ZG?format=json&per_page=20000&date=1990:2024&source=2,api.worldbank.org,downloaded,csv,True,691216,082dd257734ad36b5350c1617126ec9f7a703829a8ce6360b43024611f782b20,9310,7,9310,7,True,True,world_bank_wdi,confirmed,,Policy and macro conditions,7770,6015,1755,222,193,35,35,1990,2024,1,1.0
world_bank_wdi,rd_expenditure_gdp,GB.XPD.RSDV.GD.ZS,World Bank World Development Indicators,https://api.worldbank.org/v2/country/all/indicator/GB.XPD.RSDV.GD.ZS?format=json&per_page=20000&date=1990:2024&source=2,api.worldbank.org,downloaded,csv,True,733879,4c9b0145579f29c267d6c92dee0bfb628457199253a6c47267d8b007b6f2d217,9310,7,9310,7,True,True,world_bank_wdi,confirmed,,R&D and knowledge capacity,7770,2526,5244,222,159,35,29,1996,2024,1,0.9766429136975455
world_bank_wdi,renewable_energy_share,EG.FEC.RNEW.ZS,World Bank World Development Indicators,https://api.worldbank.org/v2/country/all/indicator/EG.FEC.RNEW.ZS?format=json&per_page=20000&date=1990:2024&source=2,api.worldbank.org,downloaded,csv,True,762573,9f638299debd3aade0ce6ad476a1497ebac8d4c932cce3e0d9fa82eb49f0e22e,9310,7,9310,7,True,True,world_bank_wdi,confirmed,,Energy system,7770,6870,900,222,216,35,33,1990,2022,1,0.9819505094614265
world_bank_wdi,researchers_per_million,SP.POP.SCIE.RD.P6,World Bank World Development Indicators,https://api.worldbank.org/v2/country/all/indicator/SP.POP.SCIE.RD.P6?format=json&per_page=20000&date=1990:2024&source=2,api.worldbank.org,downloaded,csv,True,777993,163218c715103b9d8a5c1ea58173509e3fc107326490ef652d8e8a4faaf74c97,9310,7,9310,7,True,True,world_bank_wdi,confirmed,,R&D and knowledge capacity,7770,2026,5744,222,148,35,29,1996,2024,1,0.9738400789733465
world_bank_wdi,scientific_journal_articles,IP.JRN.ARTC.SC,World Bank World Development Indicators,https://api.worldbank.org/v2/country/all/indicator/IP.JRN.ARTC.SC?format=json&per_page=20000&date=1990:2024&source=2,api.worldbank.org,downloaded,csv,True,807616,d75657ebb42a9f9e4e17dae3fa635460e195290cda818a25655f81c280a34b9f,9310,7,9310,7,True,True,world_bank_wdi,confirmed,,R&D and knowledge capacity,7770,5427,2343,222,201,35,27,1996,2022,1,0.9800995024875622
world_bank_wdi,tertiary_enrollment,SE.TER.ENRR,World Bank World Development Indicators,https://api.worldbank.org/v2/country/all/indicator/SE.TER.ENRR?format=json&per_page=20000&date=1990:2024&source=2,api.worldbank.org,downloaded,csv,True,742790,a22292e7d7d44763b5e04e1b8888466df54d31f58f784ea752583767f0880770,9310,7,9310,7,True,True,world_bank_wdi,confirmed,,R&D and knowledge capacity,7770,3982,3788,222,204,35,35,1990,2024,1,0.9678553490708187
world_bank_wdi,trade_openness,NE.TRD.GNFS.ZS,World Bank World Development Indicators,https://api.worldbank.org/v2/country/all/indicator/NE.TRD.GNFS.ZS?format=json&per_page=20000&date=1990:2024&source=2,api.worldbank.org,downloaded,csv,True,756046,35a1b9765fd21a5a6227a9d9e8e364fadd5fa8c97fbd80fb8ae2f1087c041800,9310,7,9310,7,True,True,world_bank_wdi,confirmed,,Policy and macro conditions,7770,6083,1687,222,195,35,35,1990,2024,1,0.9771494328456354
world_bank_wgi,wgi_regulatory_quality,GOV_WGI_RQ.EST,World Bank Worldwide Governance Indicators,https://api.worldbank.org/v2/country/all/indicator/GOV_WGI_RQ.EST?format=json&per_page=20000&date=1990:2024&source=3,api.worldbank.org,downloaded,csv,True,469514,000bd1d901a7b9eca39518dbeac93a9eedbc8a18715897842a293a31f818fb9a,5616,7,5616,7,True,True,world_bank_wgi,confirmed,,Policy and macro conditions,5616,5341,275,216,214,26,26,1996,2024,1,0.9677962928290582
