panel_id,source_feature,model_feature,transformation,missing_values_preserved,rationale
robust_main_share_skew_transformed_lag1_3_mean,gdp_constant_2015_usd_lag1_3_mean,skew_log1p__gdp_constant_2015_usd_lag1_3_mean,log1p,True,positive right-skewed scale compressed before standardization
robust_main_share_skew_transformed_lag1_3_mean,renewable_energy_share_lag1_3_mean,renewable_energy_share_lag1_3_mean,identity,True,kept on original scale before standardization because skew is limited or bounded
robust_main_share_skew_transformed_lag1_3_mean,wgi_regulatory_quality_lag1_3_mean,wgi_regulatory_quality_lag1_3_mean,identity,True,kept on original scale before standardization because skew is limited or bounded
robust_main_share_skew_transformed_lag1_3_mean,co2_per_capita_ar5_lag1_3_mean,skew_log1p__co2_per_capita_ar5_lag1_3_mean,log1p,True,positive right-skewed scale compressed before standardization
robust_main_share_skew_transformed_lag1_3_mean,fdi_net_inflows_lag1_3_mean,skew_asinh__fdi_net_inflows_lag1_3_mean,asinh,True,signed right-skewed scale compressed while retaining negative values
robust_main_share_skew_transformed_lag1_3_mean,env_technology_rta_lag1_3_mean,skew_log1p__env_technology_rta_lag1_3_mean,log1p,True,positive right-skewed scale compressed before standardization
robust_main_share_skew_transformed_lag1_3_mean,scientific_journal_articles_lag1_3_mean,skew_log1p__scientific_journal_articles_lag1_3_mean,log1p,True,positive right-skewed scale compressed before standardization
robust_main_share_skew_transformed_lag1_3_mean,trade_openness_lag1_3_mean,skew_log1p__trade_openness_lag1_3_mean,log1p,True,positive right-skewed scale compressed before standardization
robust_main_share_skew_transformed_lag1_3_mean,inflation_lag1_3_mean,skew_asinh__inflation_lag1_3_mean,asinh,True,signed right-skewed scale compressed while retaining negative values
