panel_id,panel_label,method,feature,target,non_missing_rows,correlation,abs_correlation
main,Main v2 model,spearman,scientific_journal_articles_lag1_3_mean,env_patent_share_inventions,2300,0.864431259269614,0.864431259269614
main,Main v2 model,spearman,gdp_constant_2015_usd_lag1_3_mean,env_patent_share_inventions,2300,0.8160937463881378,0.8160937463881378
main,Main v2 model,spearman,fdi_net_inflows_lag1_3_mean,env_patent_share_inventions,2300,0.7049475545728824,0.7049475545728824
main,Main v2 model,spearman,co2_per_capita_ar5_lag1_3_mean,env_patent_share_inventions,2300,0.6014691391145393,0.6014691391145393
main,Main v2 model,spearman,wgi_regulatory_quality_lag1_3_mean,env_patent_share_inventions,2300,0.5157635125920195,0.5157635125920195
main,Main v2 model,spearman,inflation_lag1_3_mean,env_patent_share_inventions,2300,-0.2952128864649826,0.2952128864649826
main,Main v2 model,spearman,renewable_energy_share_lag1_3_mean,env_patent_share_inventions,2300,-0.2435605017974979,0.2435605017974979
main,Main v2 model,spearman,env_technology_rta_lag1_3_mean,env_patent_share_inventions,2300,-0.1841884439051944,0.1841884439051944
main,Main v2 model,spearman,trade_openness_lag1_3_mean,env_patent_share_inventions,2300,-0.061258027517212384,0.061258027517212384
