feature,countries,country_year_rows,observed_country_year_rows,missing_country_year_rows,missing_share,first_observed_year_min,last_observed_year_max,complete_countries,late_start_countries,early_end_countries,bounded_coverage_window_countries,intermittent_gaps_countries,all_missing_countries
env_technology_rta_lag1_3_mean,174,2612,1940,672,0.2572741194486983,1999.0,2023.0,47,27,1,17,15,67
wgi_regulatory_quality_lag1_3_mean,174,2612,2061,551,0.21094946401225115,2005.0,2023.0,48,122,0,0,0,4
inflation_lag1_3_mean,174,2612,2439,173,0.06623277182235834,1999.0,2023.0,148,11,3,2,0,10
renewable_energy_share_lag1_3_mean,174,2612,2510,102,0.03905053598774885,1999.0,2023.0,80,0,92,1,0,1
fdi_net_inflows_lag1_3_mean,174,2612,2540,72,0.027565084226646247,1999.0,2023.0,161,4,2,0,0,7
scientific_journal_articles_lag1_3_mean,174,2612,2556,56,0.021439509954058193,1999.0,2023.0,168,0,0,0,0,6
trade_openness_lag1_3_mean,174,2612,2564,48,0.018376722817764167,1999.0,2023.0,160,6,3,0,1,4
co2_per_capita_ar5_lag1_3_mean,174,2612,2571,41,0.01569678407350689,1999.0,2023.0,170,0,0,0,0,4
gdp_constant_2015_usd_lag1_3_mean,174,2612,2597,15,0.005742725880551302,1999.0,2023.0,170,2,1,0,0,1
