feature,gdp_constant_2015_usd_lag1_3_mean,renewable_energy_share_lag1_3_mean,wgi_regulatory_quality_lag1_3_mean,co2_per_capita_ar5_lag1_3_mean,fdi_net_inflows_lag1_3_mean,env_technology_rta_lag1_3_mean,scientific_journal_articles_lag1_3_mean,trade_openness_lag1_3_mean,inflation_lag1_3_mean
gdp_constant_2015_usd_lag1_3_mean,1.0,-0.23696395772305834,0.31356328594729077,0.4534982599256741,0.7525215335079135,-0.1780910555748482,0.8793258367509866,-0.31509107015369686,-0.18851930797882208
renewable_energy_share_lag1_3_mean,-0.23696395772305834,1.0,-0.1975017972756117,-0.6057106424016251,-0.2831727102180713,-0.02276585669550112,-0.23150601932708056,-0.27574692024757935,0.13587439297073803
wgi_regulatory_quality_lag1_3_mean,0.31356328594729077,-0.1975017972756117,1.0,0.5489899311047673,0.39446733388486854,-0.13409043255734857,0.40964805320093095,0.3228789522586756,-0.45289038386219455
co2_per_capita_ar5_lag1_3_mean,0.4534982599256741,-0.6057106424016251,0.5489899311047673,1.0,0.4515805316114818,-0.06690744573273406,0.517794935744737,0.269967716479952,-0.34955795945525575
fdi_net_inflows_lag1_3_mean,0.7525215335079135,-0.2831727102180713,0.39446733388486854,0.4515805316114818,1.0,-0.21863795249046944,0.7327935089838317,-0.0467610354930338,-0.22560924065375607
env_technology_rta_lag1_3_mean,-0.1780910555748482,-0.02276585669550112,-0.13409043255734857,-0.06690744573273406,-0.21863795249046944,1.0,-0.2147429069987603,0.006499455433480501,0.11403129773275113
scientific_journal_articles_lag1_3_mean,0.8793258367509866,-0.23150601932708056,0.40964805320093095,0.517794935744737,0.7327935089838317,-0.2147429069987603,1.0,-0.190874698705316,-0.2580701629738505
trade_openness_lag1_3_mean,-0.31509107015369686,-0.27574692024757935,0.3228789522586756,0.269967716479952,-0.0467610354930338,0.006499455433480501,-0.190874698705316,1.0,-0.20606695578352738
inflation_lag1_3_mean,-0.18851930797882208,0.13587439297073803,-0.45289038386219455,-0.34955795945525575,-0.22560924065375607,0.11403129773275113,-0.2580701629738505,-0.20606695578352738,1.0
